collection,token_name,token_address,token_id,sale_timestamp,sale_amount,sale_token,sale_hash,payout_timestamp,payout_amount,payout_token,payout_hash,sale_div_payment,fee
known-origin,P·îïychedelic Spam Fries,0xabb3738f04dc2ec20f4ae4462c3d069d02ae045b,905003,2021-09-29 01:41:22,0.085,ETH,0xdb6a0c89d4dfe41a09e999ba5cfc2ad9f17d57e9cac8b503c8ba8b61d84004a5,2021-10-06 10:29:57.964130,0.010625,ETH,0x3509711b90afa98aa163c21b6c8b28d1f49a773ef34c0a68b5bd87ce0af46372,0.125,1250
known-origin,The Freudian Slip of a Personality,0xabb3738f04dc2ec20f4ae4462c3d069d02ae045b,960008,2021-09-29 02:09:51,0.0325,ETH,0x66b070d614074c319946d8c34ba8967237421b257e446019f9b12cf210d0b0fa,2021-10-06 10:29:57.964130,0.0040625,ETH,0x3509711b90afa98aa163c21b6c8b28d1f49a773ef34c0a68b5bd87ce0af46372,0.125,1250
known-origin,Eternity in an Hour,0xabb3738f04dc2ec20f4ae4462c3d069d02ae045b,2364006,2021-09-29 02:16:42,0.0325,ETH,0xa3c152b9c19735b3b3fc98fa5132276b3e906f6ee347fe4b4c04c612e1c0b8fd,2021-10-06 10:29:57.964130,0.0040625,ETH,0x3509711b90afa98aa163c21b6c8b28d1f49a773ef34c0a68b5bd87ce0af46372,0.125,1250
known-origin,Idea Birdie,0xabb3738f04dc2ec20f4ae4462c3d069d02ae045b,1048000,2021-09-29 14:14:11,0.0219,ETH,0x1597380dad3647c89089fec26fefd3b16c879ea1474e33e6091db0f64be2b32d,2021-10-06 10:29:57.964130,0.0027375,ETH,0x3509711b90afa98aa163c21b6c8b28d1f49a773ef34c0a68b5bd87ce0af46372,0.125,1250
known-origin,Balance,0xfbeef911dc5821886e1dda71586d90ed28174b7d,657512,2021-09-29 14:47:50,0.05,ETH,0x48a0966eac251d861b067cf6e0ad260d7df3997aca65dfdd3cc37f114125cdf4,2021-10-06 10:29:57.964130,0.00125,ETH,0x3509711b90afa98aa163c21b6c8b28d1f49a773ef34c0a68b5bd87ce0af46372,0.025,250
known-origin,Idea Birdie,0xabb3738f04dc2ec20f4ae4462c3d069d02ae045b,1048009,2021-09-29 14:50:36,0.0225,ETH,0x8b35e1269a0b92c136e340b857ee182157fec914961d5cf273e69243497b1ff2,2021-10-06 10:29:57.964130,0.0028125,ETH,0x3509711b90afa98aa163c21b6c8b28d1f49a773ef34c0a68b5bd87ce0af46372,0.125,1250
known-origin,Balance,0xfbeef911dc5821886e1dda71586d90ed28174b7d,657508,2021-09-29 16:46:20,0.06,ETH,0x86df336cb655eff9ac3723accf40b582fd6c9af4e24d4eb0f43bf773fa545f60,2021-10-06 10:29:57.964130,0.0015,ETH,0x3509711b90afa98aa163c21b6c8b28d1f49a773ef34c0a68b5bd87ce0af46372,0.025,250
known-origin,Red,0xabb3738f04dc2ec20f4ae4462c3d069d02ae045b,1047016,2021-09-29 22:45:20,0.1,ETH,0x867c3480ebfaddbab142f382dfde796637bd0d104ba7d26edfdd642cea17946a,2021-10-06 10:29:57.964130,0.0025,ETH,0x3509711b90afa98aa163c21b6c8b28d1f49a773ef34c0a68b5bd87ce0af46372,0.025,250
known-origin,Balance,0xfbeef911dc5821886e1dda71586d90ed28174b7d,657518,2021-09-29 23:04:47,0.06,ETH,0x38fe7d0f30087714d058406567e00ed801f31abb0bfb26a5aa3920762e6c8602,2021-10-06 10:29:57.964130,0.0015,ETH,0x3509711b90afa98aa163c21b6c8b28d1f49a773ef34c0a68b5bd87ce0af46372,0.025,250
known-origin,The Funky One,0xabb3738f04dc2ec20f4ae4462c3d069d02ae045b,1024000,2021-09-29 23:32:46,0.01,ETH,0x8b58f87fdceb054468e4ba41cdc82bce8ea5a0ef4cdf01147440fd59d722a62f,2021-10-06 10:29:57.964130,0.00125,ETH,0x3509711b90afa98aa163c21b6c8b28d1f49a773ef34c0a68b5bd87ce0af46372,0.125,1250
known-origin,The Doomed,0xfbeef911dc5821886e1dda71586d90ed28174b7d,22059,2021-09-30 04:03:33,18.0,ETH,0xc3857196dde4ddb1d7d19c55e7f49572d1083c3ffcf511f571eccbea0895c28f,2021-10-06 10:29:57.964130,2.25,ETH,0x3509711b90afa98aa163c21b6c8b28d1f49a773ef34c0a68b5bd87ce0af46372,0.125,1250
known-origin,Ebb & Flow,0xabb3738f04dc2ec20f4ae4462c3d069d02ae045b,1588008,2021-09-30 05:21:44,0.06,ETH,0xc6c2a60d0e312afb46efee20b0ffb66d2e773ca3e37cd2a5e9b2cddfad2d5e8a,2021-10-06 10:29:57.964130,0.0075,ETH,0x3509711b90afa98aa163c21b6c8b28d1f49a773ef34c0a68b5bd87ce0af46372,0.125,1250
known-origin,HEART,0xfbeef911dc5821886e1dda71586d90ed28174b7d,36404,2021-09-30 13:07:51,0.09,ETH,0x2f718ff8c664822b0213af28c4e19a57bb176a534146d869d8235dc2a029a29d,2021-10-06 10:29:57.964130,0.00225,ETH,0x3509711b90afa98aa163c21b6c8b28d1f49a773ef34c0a68b5bd87ce0af46372,0.025,250
known-origin,A sunset looped into eternity,0xfbeef911dc5821886e1dda71586d90ed28174b7d,613701,2021-09-30 22:37:35,0.09,ETH,0xde4279078667d8e02f0ad0948b287d7a996da21e1f10562d0c6a9c59400230e4,2021-10-06 10:29:57.964130,0.00225,ETH,0x3509711b90afa98aa163c21b6c8b28d1f49a773ef34c0a68b5bd87ce0af46372,0.025,250
known-origin,Just as Big as Her Heart,0xabb3738f04dc2ec20f4ae4462c3d069d02ae045b,2477009,2021-10-01 03:48:29,0.0525,ETH,0x3e1b0834e30f6321a3a3b9edcaa08e263520943f1a704262180e9c99b98ea014,2021-10-06 10:29:57.964130,0.0065625,ETH,0x3509711b90afa98aa163c21b6c8b28d1f49a773ef34c0a68b5bd87ce0af46372,0.125,1250
known-origin,Solace,0xabb3738f04dc2ec20f4ae4462c3d069d02ae045b,1110002,2021-10-01 04:03:07,0.02,ETH,0xa7e41c027654710f5f66637411ef693e5e79bae8a77b0b56fa8ea73adbfb1400,2021-10-06 10:29:57.964130,0.0005,ETH,0x3509711b90afa98aa163c21b6c8b28d1f49a773ef34c0a68b5bd87ce0af46372,0.025,250
known-origin,Hello! I Have Just Arrived Here..,0xabb3738f04dc2ec20f4ae4462c3d069d02ae045b,1131004,2021-10-01 04:52:42,0.0224,ETH,0xf1418762873f158b21b3d0a4ab666dd65a9babcf072187a67f7eb46a8b8a9167,2021-10-06 10:29:57.964130,0.0028,ETH,0x3509711b90afa98aa163c21b6c8b28d1f49a773ef34c0a68b5bd87ce0af46372,0.125,1250
known-origin,hello admin dm me,0xfbeef911dc5821886e1dda71586d90ed28174b7d,88504,2021-10-01 05:00:09,30.0,WETH,0x425d6d4a04979d73907937a7d2b005ef3afdcee8ab78e334396c0794f4321124,2021-10-06 10:29:57.964130,3.75,WETH,0x3509711b90afa98aa163c21b6c8b28d1f49a773ef34c0a68b5bd87ce0af46372,0.125,1250
known-origin,Mika for Teleportation,0xabb3738f04dc2ec20f4ae4462c3d069d02ae045b,2474009,2021-10-01 18:14:24,0.0225,ETH,0x4b7c9d9b526b697d6fb400f2f0d14bff14ae7a978611a5f9e570ce10bb055d11,2021-10-06 10:29:57.964130,0.0028125,ETH,0x3509711b90afa98aa163c21b6c8b28d1f49a773ef34c0a68b5bd87ce0af46372,0.125,1250
known-origin,Discovery,0xfbeef911dc5821886e1dda71586d90ed28174b7d,513210,2021-10-01 18:21:10,0.095,ETH,0x5e7c12c936b09f9bd0f9bd7694dacdf867b7dba12f130b68e4cf237e5c63bb71,2021-10-06 10:29:57.964130,0.002375,ETH,0x3509711b90afa98aa163c21b6c8b28d1f49a773ef34c0a68b5bd87ce0af46372,0.025,250
known-origin,Taxmen,0xfbeef911dc5821886e1dda71586d90ed28174b7d,54212,2021-10-01 23:54:26,32.0,ETH,0xe226a228369b3f689e11bd0086c3cc9c39b67796fc43445fd1ea786de5c0f5cb,2021-10-06 10:29:57.964130,4.0,ETH,0x3509711b90afa98aa163c21b6c8b28d1f49a773ef34c0a68b5bd87ce0af46372,0.125,1250
known-origin,Idea Birdie,0xabb3738f04dc2ec20f4ae4462c3d069d02ae045b,1048008,2021-10-02 09:06:56,0.0225,ETH,0x5841bb564efcaa6b8cd9ebf445083e54c5d014d09ee695efe8d23edce61ef618,2021-10-06 10:29:57.964130,0.0028125,ETH,0x3509711b90afa98aa163c21b6c8b28d1f49a773ef34c0a68b5bd87ce0af46372,0.125,1250
known-origin,Solace,0xabb3738f04dc2ec20f4ae4462c3d069d02ae045b,1110009,2021-10-02 19:11:48,0.0225,ETH,0xba7e4f1f722ee2bab7d0eb43e701b753c1b1971e8ab781c5259dc8c29349314d,2021-10-06 10:29:57.964130,0.0028125,ETH,0x3509711b90afa98aa163c21b6c8b28d1f49a773ef34c0a68b5bd87ce0af46372,0.125,1250
known-origin,Butterfly Effect,0xabb3738f04dc2ec20f4ae4462c3d069d02ae045b,1086003,2021-10-02 21:13:56,0.15,ETH,0x2de4499006a6baeebd7cf013eb25ec6d11c977b1a80c6dfe3f5f67c6f4a8b0e2,2021-10-06 10:29:57.964130,0.01875,ETH,0x3509711b90afa98aa163c21b6c8b28d1f49a773ef34c0a68b5bd87ce0af46372,0.125,1250
known-origin,crayon halo 1.1,0xabb3738f04dc2ec20f4ae4462c3d069d02ae045b,1541001,2021-10-03 04:22:41,0.5,ETH,0xf52184603e16075817962eae0c24bcec5e9b01fc80e14f58d3bb7266a1b826e9,2021-10-06 10:29:57.964130,0.0625,ETH,0x3509711b90afa98aa163c21b6c8b28d1f49a773ef34c0a68b5bd87ce0af46372,0.125,1250
known-origin,Mika for Teleportation,0xabb3738f04dc2ec20f4ae4462c3d069d02ae045b,2474006,2021-10-03 08:42:50,0.0225,ETH,0xbaf024075b970f5f53ebeb02ae1ce59523892539d42e4f14d2c5a79cf7deedb2,2021-10-06 10:29:57.964130,0.0028125,ETH,0x3509711b90afa98aa163c21b6c8b28d1f49a773ef34c0a68b5bd87ce0af46372,0.125,1250
known-origin,The Cash Tape,0xfbeef911dc5821886e1dda71586d90ed28174b7d,52620,2021-10-03 14:14:05,0.067,ETH,0x261c1a3ef3e0e466743f6eaf029b60c45cd0e78eb4ddc8da2b55b3b2f181ac21,2021-10-06 10:29:57.964130,0.008375,ETH,0x3509711b90afa98aa163c21b6c8b28d1f49a773ef34c0a68b5bd87ce0af46372,0.125,1250
known-origin,GANOODLE / 103-62,0xfbeef911dc5821886e1dda71586d90ed28174b7d,146653,2021-10-03 20:03:40,0.75,ETH,0xe4e5fb873230819038c095da5aa8075763ca8820d3353667091de7d32d2244cc,2021-10-06 10:29:57.964130,0.09375,ETH,0x3509711b90afa98aa163c21b6c8b28d1f49a773ef34c0a68b5bd87ce0af46372,0.125,1250
known-origin,Glitch 0UW22,0xfbeef911dc5821886e1dda71586d90ed28174b7d,90843,2021-10-03 20:03:40,0.88,ETH,0x1e99e272b8c17e00809056dcf100ea818d37ed829cc3bcd49a14a9ec9a02e109,2021-10-06 10:29:57.964130,0.11,ETH,0x3509711b90afa98aa163c21b6c8b28d1f49a773ef34c0a68b5bd87ce0af46372,0.125,1250
known-origin,Best-case Scenario,0xfbeef911dc5821886e1dda71586d90ed28174b7d,108063,2021-10-04 13:00:22,26.0,ETH,0x5e497f81b835e9e1af9ead778e00657dda2e4abeb05c4c0db91b539829fbf420,2021-10-06 10:29:57.964130,3.25,ETH,0x3509711b90afa98aa163c21b6c8b28d1f49a773ef34c0a68b5bd87ce0af46372,0.125,1250
known-origin,Amor Verde,0xabb3738f04dc2ec20f4ae4462c3d069d02ae045b,856001,2021-10-04 16:59:02,0.034,ETH,0x0da2cc3cdf04fe29eb67fc5d29787b97cd95c4d06c75aa6cdb193170d0d89599,2021-10-06 10:29:57.964130,0.00425,ETH,0x3509711b90afa98aa163c21b6c8b28d1f49a773ef34c0a68b5bd87ce0af46372,0.125,1250
known-origin,Crypto traderz wavvezc,0xfbeef911dc5821886e1dda71586d90ed28174b7d,52045,2021-10-04 18:28:37,0.02,ETH,0x54fc3cc2df700135d850425e328bd199b121be5afc57ed05a3af9671e042c773,2021-10-06 10:29:57.964130,0.0025,ETH,0x3509711b90afa98aa163c21b6c8b28d1f49a773ef34c0a68b5bd87ce0af46372,0.125,1250
known-origin,STABILIZE,0xfbeef911dc5821886e1dda71586d90ed28174b7d,342301,2021-10-04 18:32:02,0.03,ETH,0xac4d324f5e12dc4bdba500bbb0a1b8d52a4fcff6f6810bc10c05dec33377faa3,2021-10-06 10:29:57.964130,0.00375,ETH,0x3509711b90afa98aa163c21b6c8b28d1f49a773ef34c0a68b5bd87ce0af46372,0.125,1250
known-origin,A kitten called Bastet [Blue Edition],0xfbeef911dc5821886e1dda71586d90ed28174b7d,37851,2021-10-04 19:16:08,0.25,ETH,0x731797e43518ca087053c75520583d537525a9cabba1b904a3b40f2622fb982f,2021-10-06 10:29:57.964130,0.00625,ETH,0x3509711b90afa98aa163c21b6c8b28d1f49a773ef34c0a68b5bd87ce0af46372,0.025,250
known-origin,Elephant - Illustrated animals series,0xfbeef911dc5821886e1dda71586d90ed28174b7d,28731,2021-10-04 21:50:46,0.04,ETH,0xb5db033e0feef0dddbfe0b03fc62f744f18aa56637af15d591180ac4de72257e,2021-10-06 10:29:57.964130,0.005,ETH,0x3509711b90afa98aa163c21b6c8b28d1f49a773ef34c0a68b5bd87ce0af46372,0.125,1250
known-origin,and it was,0xabb3738f04dc2ec20f4ae4462c3d069d02ae045b,1080001,2021-10-05 20:18:46,0.044,ETH,0xf6bc4072f9b67cd935b81820e48f661595b4cb56c82e692caa6b9694b47ac708,2021-10-06 10:29:57.964130,0.0055,ETH,0x3509711b90afa98aa163c21b6c8b28d1f49a773ef34c0a68b5bd87ce0af46372,0.125,1250
known-origin,Jesus,0xfbeef911dc5821886e1dda71586d90ed28174b7d,599429,2021-10-05 20:30:09,0.05,ETH,0x2f1b243bcd9c38d6878dc6f4523df33af96b334eae1b4b4b229aae0e719641ce,2021-10-06 10:29:57.964130,0.00625,ETH,0x3509711b90afa98aa163c21b6c8b28d1f49a773ef34c0a68b5bd87ce0af46372,0.125,1250
known-origin,Stoned apes,0xfbeef911dc5821886e1dda71586d90ed28174b7d,115363,2021-10-06 03:19:37,0.5,ETH,0x8fcd23f993f1cd5908d58838734f88726c914daee2007690e00190b9bc71170c,2021-10-06 10:29:57.964130,0.0125,ETH,0x3509711b90afa98aa163c21b6c8b28d1f49a773ef34c0a68b5bd87ce0af46372,0.025,250
known-origin,RESIST,0xfbeef911dc5821886e1dda71586d90ed28174b7d,109264,2021-10-06 15:36:06,19.69,ETH,0x29939ac3ba6ff4378a5fce34f4eaba58b957bb2ed79ecbf6c529fc7843d2e63a,2021-10-13 11:36:08.670498,2.46125,ETH,0xef8907f918165524e44f9b1acdd23ff76ba8c9c6d84de672f760a7af88d05ec5,0.125,1250
known-origin,"Cosmoboy. Made by AI-power painting machine with wrong settings, glitches and analog-like artefacts.",0xfbeef911dc5821886e1dda71586d90ed28174b7d,61925,2021-10-06 23:27:01,0.02,ETH,0xc13235626b6ed990c3963e86eb2bf83a999530b30abd709b4e54d5d4fc730257,2021-10-13 11:36:08.670498,0.0025,ETH,0xef8907f918165524e44f9b1acdd23ff76ba8c9c6d84de672f760a7af88d05ec5,0.125,1250
known-origin,Searching the Blockchain,0xfbeef911dc5821886e1dda71586d90ed28174b7d,107802,2021-10-06 23:28:02,0.01,ETH,0x907694ee12ea98913274f32dfb96ffa1b812e643b230e8f64005b0e5f128612e,2021-10-13 11:36:08.670498,0.00125,ETH,0xef8907f918165524e44f9b1acdd23ff76ba8c9c6d84de672f760a7af88d05ec5,0.125,1250
known-origin,She Thinks Big,0xabb3738f04dc2ec20f4ae4462c3d069d02ae045b,1217009,2021-10-06 23:28:35,0.02,ETH,0x0508cbb5e4889cd24451e735a4cbda57a73f5b46db35d72a9665be5ac4d634c6,2021-10-13 11:36:08.670498,0.0025,ETH,0xef8907f918165524e44f9b1acdd23ff76ba8c9c6d84de672f760a7af88d05ec5,0.125,1250
known-origin,I·ëé·êØOKE·ñá,0xabb3738f04dc2ec20f4ae4462c3d069d02ae045b,1394000,2021-10-06 23:28:45,0.021,ETH,0xe6228a887976af256746e684e2456030f6de56ead9899be5ee359f5df7995959,2021-10-13 11:36:08.670498,0.002625,ETH,0xef8907f918165524e44f9b1acdd23ff76ba8c9c6d84de672f760a7af88d05ec5,0.125,1250
known-origin,I·ëé·êØOKE·ñá,0xabb3738f04dc2ec20f4ae4462c3d069d02ae045b,1394001,2021-10-06 23:31:18,0.021,ETH,0x5e401099c15374b723c111edcb3c4df69c14997d98bedb36185eabaa153b8792,2021-10-13 11:36:08.670498,0.002625,ETH,0xef8907f918165524e44f9b1acdd23ff76ba8c9c6d84de672f760a7af88d05ec5,0.125,1250
known-origin,Duckstep,0xabb3738f04dc2ec20f4ae4462c3d069d02ae045b,2547009,2021-10-06 23:31:18,0.0225,ETH,0xf53a8d7dd0dfb3ffc30e2966ff0cf1003f3ede41bf45a07d947d5d14ea22a8f7,2021-10-13 11:36:08.670498,0.0028125,ETH,0xef8907f918165524e44f9b1acdd23ff76ba8c9c6d84de672f760a7af88d05ec5,0.125,1250
known-origin,Game Cube VII - Dippin‚Äô Dots,0xfbeef911dc5821886e1dda71586d90ed28174b7d,273278,2021-10-07 00:47:58,0.18,ETH,0xbc0fb54b21b9cf9552037395e97c1732b963147c1141fa3a895c58b6a276e7f2,2021-10-13 11:36:08.670498,0.0225,ETH,0xef8907f918165524e44f9b1acdd23ff76ba8c9c6d84de672f760a7af88d05ec5,0.125,1250
known-origin,hello admin dm me,0xfbeef911dc5821886e1dda71586d90ed28174b7d,88516,2021-10-07 03:44:15,44.44,ETH,0x9fae6426b5b1be7b395bda99bcd2979f8473167ff251282d725e62d02f8ded66,2021-10-13 11:36:08.670498,5.555,ETH,0xef8907f918165524e44f9b1acdd23ff76ba8c9c6d84de672f760a7af88d05ec5,0.125,1250
known-origin,Mayhem Special Collaboration #2,0xabb3738f04dc2ec20f4ae4462c3d069d02ae045b,2390008,2021-10-07 04:06:04,0.025,ETH,0x15f9a2c19ad32441e0d1f9cdcb278646d23f5bd10db74296e66214bbbb354758,2021-10-13 11:36:08.670498,0.003125,ETH,0xef8907f918165524e44f9b1acdd23ff76ba8c9c6d84de672f760a7af88d05ec5,0.125,1250
known-origin,üÖ≥üÖæüÜÑüÖ±üÖªüÖ¥-üÜÇüÜÉüÜÅüÖ∞üÖΩüÖ≥üÖ¥üÖ≥  üÖªüÖ∏üÖΩüÖ¥üÖ∞üÜÅ üÖµüÜÅüÖ∞üÖ∂üÖºüÖ¥üÖΩüÜÉüÜÇ,0xfbeef911dc5821886e1dda71586d90ed28174b7d,576685,2021-10-07 05:42:17,0.049,ETH,0xdc9b6dfde572a4735469d4f7e795b1aaee1dbb1adb6da1991b053570792ba20f,2021-10-13 11:36:08.670498,0.006125,ETH,0xef8907f918165524e44f9b1acdd23ff76ba8c9c6d84de672f760a7af88d05ec5,0.125,1250
known-origin,D1G1T4L,0xabb3738f04dc2ec20f4ae4462c3d069d02ae045b,2172000,2021-10-07 08:45:21,0.15,ETH,0xa04427d7147401fa3b0f2769efda1ab0e0bb6494ad84df963503917217d20675,2021-10-13 11:36:08.670498,0.01875,ETH,0xef8907f918165524e44f9b1acdd23ff76ba8c9c6d84de672f760a7af88d05ec5,0.125,1250
known-origin,PLASTIC II,0xabb3738f04dc2ec20f4ae4462c3d069d02ae045b,2142024,2021-10-07 16:21:14,0.235,WETH,0xafc44a68e255d7ee03855bffa55e9e35f300065018e01a9df7e7c21280339014,2021-10-13 11:36:08.670498,0.029375,WETH,0xef8907f918165524e44f9b1acdd23ff76ba8c9c6d84de672f760a7af88d05ec5,0.125,1250
known-origin,Watching whales,0xfbeef911dc5821886e1dda71586d90ed28174b7d,81304,2021-10-07 16:23:04,0.05,ETH,0x791d7feec39fa5b7e9ebbdcede2d9239265114f5a7e3ae0972146f13d05e35b1,2021-10-13 11:36:08.670498,0.00625,ETH,0xef8907f918165524e44f9b1acdd23ff76ba8c9c6d84de672f760a7af88d05ec5,0.125,1250
known-origin,Disintegration,0xfbeef911dc5821886e1dda71586d90ed28174b7d,27910,2021-10-07 19:35:59,15.0,WETH,0x36539577a73ca3fc081c4229b770cee9c9d56c9456812727995594277b55c5a4,2021-10-13 11:36:08.670498,1.875,WETH,0xef8907f918165524e44f9b1acdd23ff76ba8c9c6d84de672f760a7af88d05ec5,0.125,1250
known-origin,Fried Wonton Cranes,0xabb3738f04dc2ec20f4ae4462c3d069d02ae045b,2395001,2021-10-08 21:44:39,0.222,WETH,0x404e14ee23d1b167a6b62a30f0e7a1d88f595d5c66807d05a145f55cd98ce727,2021-10-13 11:36:08.670498,0.02775,WETH,0xef8907f918165524e44f9b1acdd23ff76ba8c9c6d84de672f760a7af88d05ec5,0.125,1250
known-origin,"Night Traders Rebooted: #GM""""",0xabb3738f04dc2ec20f4ae4462c3d069d02ae045b,2784011,2021-10-08 21:52:14,0.12,ETH,0x66f914f0f0cb965f4ff4fd9c75e9e84ea6e57afea731a0e65ebdfb4b13c6eb81,2021-10-13 11:36:08.670498,0.015,ETH,0xef8907f918165524e44f9b1acdd23ff76ba8c9c6d84de672f760a7af88d05ec5,0.125,1250
known-origin,Drown Down Delirium,0xabb3738f04dc2ec20f4ae4462c3d069d02ae045b,1051000,2021-10-09 05:01:12,0.0335,ETH,0x2cd85e8d6845ded1b159dcdb5e790488f5c659f5caed45dc339d30998102a030,2021-10-13 11:36:08.670498,0.0041875,ETH,0xef8907f918165524e44f9b1acdd23ff76ba8c9c6d84de672f760a7af88d05ec5,0.125,1250
known-origin,Colorful Thoughts of Mine,0xabb3738f04dc2ec20f4ae4462c3d069d02ae045b,944003,2021-10-09 05:01:27,0.0345,ETH,0xe1536c058256058731dde7365115f70234e422130a403aa824c82a3f3e445c31,2021-10-13 11:36:08.670498,0.0043125,ETH,0xef8907f918165524e44f9b1acdd23ff76ba8c9c6d84de672f760a7af88d05ec5,0.125,1250
known-origin,Triumph for Scarlet,0xfbeef911dc5821886e1dda71586d90ed28174b7d,56303,2021-10-09 06:19:23,0.075,ETH,0xb136f18a4ec63b37a97c5a08daaf3c254bd171fc31d41b4aacab881fee3f3e0f,2021-10-13 11:36:08.670498,0.001875,ETH,0xef8907f918165524e44f9b1acdd23ff76ba8c9c6d84de672f760a7af88d05ec5,0.025,250
known-origin,Walking II,0xabb3738f04dc2ec20f4ae4462c3d069d02ae045b,1300002,2021-10-09 07:42:12,0.0245,ETH,0x3438906da9ff83fce3cee2f868191eb5c500746f7dc1a82ef7d2fca67de13b26,2021-10-13 11:36:08.670498,0.0030625,ETH,0xef8907f918165524e44f9b1acdd23ff76ba8c9c6d84de672f760a7af88d05ec5,0.125,1250
known-origin,S y n e s t h e s i a ÂÖ±ÊÑüË¶ö,0xfbeef911dc5821886e1dda71586d90ed28174b7d,121026,2021-10-09 16:08:24,5.0,WETH,0xf212e7b2278ce372b7a99578d733826a52e9688fb29035afb9b11aa665f962ff,2021-10-13 11:36:08.670498,0.625,WETH,0xef8907f918165524e44f9b1acdd23ff76ba8c9c6d84de672f760a7af88d05ec5,0.125,1250
known-origin,Vorfahrt Achten III,0xfbeef911dc5821886e1dda71586d90ed28174b7d,39507,2021-10-10 03:35:14,0.01,ETH,0x0084b863018a37a2dd25be0f0ffabd279085285ae57b04191b7987486de25060,2021-10-13 11:36:08.670498,0.00125,ETH,0xef8907f918165524e44f9b1acdd23ff76ba8c9c6d84de672f760a7af88d05ec5,0.125,1250
known-origin,Pixel Space Defender I,0xabb3738f04dc2ec20f4ae4462c3d069d02ae045b,2631008,2021-10-10 11:51:44,0.0245,ETH,0xeb938b94ab3ad3deba3c5d2416b75d687b1298fbbea459afac7ecf5efbe3f3a5,2021-10-13 11:36:08.670498,0.0030625,ETH,0xef8907f918165524e44f9b1acdd23ff76ba8c9c6d84de672f760a7af88d05ec5,0.125,1250
known-origin,Merry Christmas,0xfbeef911dc5821886e1dda71586d90ed28174b7d,106776,2021-10-10 13:49:09,0.02,ETH,0x0de9f879e5ef8aa51d9eedf0ece127f094bffee0eeaccfccb7698d22bbe1658e,2021-10-13 11:36:08.670498,0.0025,ETH,0xef8907f918165524e44f9b1acdd23ff76ba8c9c6d84de672f760a7af88d05ec5,0.125,1250
known-origin,Fragmented Past,0xabb3738f04dc2ec20f4ae4462c3d069d02ae045b,2867000,2021-10-10 22:32:12,0.07,ETH,0x26688255f4bc1e16d276b902d96b78347fe7eff82625802f34f36373597ac127,2021-10-13 11:36:08.670498,0.00875,ETH,0xef8907f918165524e44f9b1acdd23ff76ba8c9c6d84de672f760a7af88d05ec5,0.125,1250
known-origin,Fragmented Past,0xabb3738f04dc2ec20f4ae4462c3d069d02ae045b,2867001,2021-10-10 22:38:46,0.07,ETH,0x9e61d1870426e62c789acae01eac52e76a02f56d825408cfd6f734b42758ab06,2021-10-13 11:36:08.670498,0.00875,ETH,0xef8907f918165524e44f9b1acdd23ff76ba8c9c6d84de672f760a7af88d05ec5,0.125,1250
known-origin,Fragmented Past,0xabb3738f04dc2ec20f4ae4462c3d069d02ae045b,2867004,2021-10-10 22:39:00,0.07,ETH,0xf2dfdb873d688827a8f3244369aaf6c62a244e45c116f9348602fa0477ccbb55,2021-10-13 11:36:08.670498,0.00875,ETH,0xef8907f918165524e44f9b1acdd23ff76ba8c9c6d84de672f760a7af88d05ec5,0.125,1250
known-origin,Fragmented Past,0xabb3738f04dc2ec20f4ae4462c3d069d02ae045b,2867003,2021-10-10 22:45:00,0.07,ETH,0x2931e937adfc34f9070c790095440e965840b56826abdf4df93d3699ba70f194,2021-10-13 11:36:08.670498,0.00875,ETH,0xef8907f918165524e44f9b1acdd23ff76ba8c9c6d84de672f760a7af88d05ec5,0.125,1250
known-origin,Walking I,0xabb3738f04dc2ec20f4ae4462c3d069d02ae045b,1299002,2021-10-10 22:46:37,0.0245,ETH,0x9b08f133a32aed18447ff78df396ba7c33e3dd1317ab2cf2054309da4ade4d0d,2021-10-13 11:36:08.670498,0.0030625,ETH,0xef8907f918165524e44f9b1acdd23ff76ba8c9c6d84de672f760a7af88d05ec5,0.125,1250
known-origin,Fragmented Past,0xabb3738f04dc2ec20f4ae4462c3d069d02ae045b,2867002,2021-10-10 23:16:51,0.07,ETH,0x5dbb506738d50bcf65f2f301ccd2ff81bc38e9caf5af573f0be879c3e07967e3,2021-10-13 11:36:08.670498,0.00875,ETH,0xef8907f918165524e44f9b1acdd23ff76ba8c9c6d84de672f760a7af88d05ec5,0.125,1250
known-origin,Creatures & Friends ‚Äì Savage Dog,0xfbeef911dc5821886e1dda71586d90ed28174b7d,409401,2021-10-11 09:25:50,0.3,ETH,0xa66ec5e69d09bf68607f9363b9e0c73c1d7ca41cfe41b9063453ff1dc6cb6b15,2021-10-13 11:36:08.670498,0.0375,ETH,0xef8907f918165524e44f9b1acdd23ff76ba8c9c6d84de672f760a7af88d05ec5,0.125,1250
known-origin,Summer,0xfbeef911dc5821886e1dda71586d90ed28174b7d,248307,2021-10-11 17:25:20,0.05,ETH,0x1a9bfb8af2480c709cbda93ed5e7711ebc09f1f372a765739ac1310530f07935,2021-10-13 11:36:08.670498,0.00125,ETH,0xef8907f918165524e44f9b1acdd23ff76ba8c9c6d84de672f760a7af88d05ec5,0.025,250
known-origin,Blood Bubble,0xfbeef911dc5821886e1dda71586d90ed28174b7d,115035,2021-10-11 17:27:30,25.0,WETH,0x7dc15e4e619d8101fa32df66fe633eaa2407a7c6245da1bf4238594b25fca3c4,2021-10-13 11:36:08.670498,3.125,WETH,0xef8907f918165524e44f9b1acdd23ff76ba8c9c6d84de672f760a7af88d05ec5,0.125,1250
known-origin,ÔΩâŒÆ·∂†ŒπùìÉùïÄÔΩî‚ìî  ÿπŸÖŸÑÿ© ŸÑÿß ŸÜŸáÿßÿ¶Ÿäÿ© ƒÜ√πùï£‚ìá‚Ç¨ùêçùì£(ùêú),0xfbeef911dc5821886e1dda71586d90ed28174b7d,170331,2021-10-12 04:30:24,0.35,ETH,0x55ec4cf094d25331a9b5c267f4ee89170bb5fbdb6fdcc4d4ec64d9be5dff3873,2021-10-13 11:36:08.670498,0.04375,ETH,0xef8907f918165524e44f9b1acdd23ff76ba8c9c6d84de672f760a7af88d05ec5,0.125,1250
known-origin,Clusters of Clutter,0xabb3738f04dc2ec20f4ae4462c3d069d02ae045b,1053002,2021-10-12 13:14:40,0.0299,WETH,0x185b5bb2c11cc304a146f00cef208456acd453bf5e70b084c6f7ce007f102bf9,2021-10-13 11:36:08.670498,0.0037375,WETH,0xef8907f918165524e44f9b1acdd23ff76ba8c9c6d84de672f760a7af88d05ec5,0.125,1250
known-origin,There's Magic Inside All Of Us!,0xabb3738f04dc2ec20f4ae4462c3d069d02ae045b,2434002,2021-10-12 14:48:40,0.008,ETH,0xe04dd5360d04a433a90ca610fe9007bd26ed4cb933410e7b01ab06ad6d7257d5,2021-10-13 11:36:08.670498,0.001,ETH,0xef8907f918165524e44f9b1acdd23ff76ba8c9c6d84de672f760a7af88d05ec5,0.125,1250
known-origin,Dangero Grizo,0xabb3738f04dc2ec20f4ae4462c3d069d02ae045b,2291007,2021-10-12 14:49:52,0.02,WETH,0x0f6b49ea769b97dc7ce721b4d496d2468b24ea47e4b8eb4f877237433e550120,2021-10-13 11:36:08.670498,0.0025,WETH,0xef8907f918165524e44f9b1acdd23ff76ba8c9c6d84de672f760a7af88d05ec5,0.125,1250
known-origin,THIS ARTWORK IS WORTH MORE ON SUPERRARE [RGB/GREEN VARIANT EDITION],0xfbeef911dc5821886e1dda71586d90ed28174b7d,343465,2021-10-12 20:22:39,0.25,ETH,0x6371e9cd61a55c1259482f6ab67899a28670cff2ad881077d2a34e92e61077dd,2021-10-13 11:36:08.670498,0.00625,ETH,0xef8907f918165524e44f9b1acdd23ff76ba8c9c6d84de672f760a7af88d05ec5,0.025,250
known-origin,THIS ARTWORK IS WORTH MORE ON SUPERRARE [RGB/BLUE VARIANT EDITION],0xfbeef911dc5821886e1dda71586d90ed28174b7d,345517,2021-10-12 21:38:10,0.5,ETH,0x5fbd0c1fcbd11f81997e8c27b44b7e3972b80ce834e92723850b36eaee023118,2021-10-13 11:36:08.670498,0.0125,ETH,0xef8907f918165524e44f9b1acdd23ff76ba8c9c6d84de672f760a7af88d05ec5,0.025,250
known-origin,THIS ARTWORK IS WORTH LESS ON FOUNDATION [BLK VARIANT EDITION],0xfbeef911dc5821886e1dda71586d90ed28174b7d,356518,2021-10-12 21:40:39,0.25,ETH,0xa32b2106c7b8c40e7e65448d1dc17a45fd2362ff00cb453f5f4c10bd3dff0bfb,2021-10-13 11:36:08.670498,0.00625,ETH,0xef8907f918165524e44f9b1acdd23ff76ba8c9c6d84de672f760a7af88d05ec5,0.025,250
known-origin,THIS ARTWORK IS WORTH MORE ON SUPERRARE [RGB/RED VARIANT EDITION],0xfbeef911dc5821886e1dda71586d90ed28174b7d,340217,2021-10-12 21:47:18,0.3,ETH,0x57171784d41fb7a625a6202039ce53a7638113ddfb65fde0d6dc81db4806bbb2,2021-10-13 11:36:08.670498,0.0075,ETH,0xef8907f918165524e44f9b1acdd23ff76ba8c9c6d84de672f760a7af88d05ec5,0.025,250
known-origin,Through the Cracks of My Mind,0xfbeef911dc5821886e1dda71586d90ed28174b7d,443501,2021-10-13 00:24:08,0.07,ETH,0x31085b83634e6c0e2417a8660ed8471f9244585f9808a6a6733f858a92b55898,2021-10-13 11:36:08.670498,0.00875,ETH,0xef8907f918165524e44f9b1acdd23ff76ba8c9c6d84de672f760a7af88d05ec5,0.125,1250
known-origin,Hot Dogs,0xabb3738f04dc2ec20f4ae4462c3d069d02ae045b,1746000,2021-10-13 10:30:31,0.6,ETH,0x4aecf9d8b6aa9b5370ff4cd2e54a22a8b4969bf14a1fc39d08ae42e54dfe84cd,2021-10-28 04:38:57.299069,0.015,ETH,0xb2aeb6aaf36ec5f83dd9466f72efabd45f7c5aac54f380f0fcc31e6bf0b05102,0.025,250
known-origin,Seedy Disappearance of the Yaztromos,0xabb3738f04dc2ec20f4ae4462c3d069d02ae045b,2264005,2021-10-13 13:03:19,0.024,ETH,0x9d57560454d969e5a343432f3ef80bd0b5f66ff963b26be5b5d2a42f9e270808,2021-10-28 04:38:57.299069,0.003,ETH,0xb2aeb6aaf36ec5f83dd9466f72efabd45f7c5aac54f380f0fcc31e6bf0b05102,0.125,1250
known-origin,THIS ARTWORK IS WORTH MORE ON SUPERRARE [RGB/GREEN VARIANT EDITION],0xfbeef911dc5821886e1dda71586d90ed28174b7d,343455,2021-10-13 16:02:14,1.0,ETH,0x6cf25de2579c72663fce2ceeaee013e62457b747ea5147f9b5036fe8b35d1818,2021-10-28 04:38:57.299069,0.025,ETH,0xb2aeb6aaf36ec5f83dd9466f72efabd45f7c5aac54f380f0fcc31e6bf0b05102,0.025,250
known-origin,The Seeker,0xfbeef911dc5821886e1dda71586d90ed28174b7d,422601,2021-10-13 17:53:51,0.045,ETH,0xb20db5fd5cc68d5c72f1bc5ee2049a9dc94ec8abf66b7879cdb9fa1907e72698,2021-10-28 04:38:57.299069,0.005625,ETH,0xb2aeb6aaf36ec5f83dd9466f72efabd45f7c5aac54f380f0fcc31e6bf0b05102,0.125,1250
known-origin,Dreadful Tale of the Horseman,0xabb3738f04dc2ec20f4ae4462c3d069d02ae045b,2270000,2021-10-14 02:13:40,0.1,WETH,0x4b692d6465ba198b255623827c3678618f9d763e77fca0e327172623646d29a8,2021-10-28 04:38:57.299069,0.0125,WETH,0xb2aeb6aaf36ec5f83dd9466f72efabd45f7c5aac54f380f0fcc31e6bf0b05102,0.125,1250
known-origin,Persistent Sorrow in Flow,0xabb3738f04dc2ec20f4ae4462c3d069d02ae045b,894004,2021-10-14 05:41:00,0.063,ETH,0x37422bb86d2bedebb402839ecf68dba7755a1dd0434c5e9493f5fe12b4a4d0c5,2021-10-28 04:38:57.299069,0.007875,ETH,0xb2aeb6aaf36ec5f83dd9466f72efabd45f7c5aac54f380f0fcc31e6bf0b05102,0.125,1250
known-origin,Tero Obskurita,0xabb3738f04dc2ec20f4ae4462c3d069d02ae045b,2230008,2021-10-14 05:44:37,0.081,ETH,0xcef06f81a823b48ca4723c4977a116098147e6c8c68b4f3d099ad7ef332637bf,2021-10-28 04:38:57.299069,0.010125,ETH,0xb2aeb6aaf36ec5f83dd9466f72efabd45f7c5aac54f380f0fcc31e6bf0b05102,0.125,1250
known-origin,Missing Satoshi,0xfbeef911dc5821886e1dda71586d90ed28174b7d,82906,2021-10-14 06:11:33,0.75,ETH,0x9c05635d0cc29f93a63e54aceac76bacc91a8e71a211e24c39a8f613e86392f7,2021-10-28 04:38:57.299069,0.01875,ETH,0xb2aeb6aaf36ec5f83dd9466f72efabd45f7c5aac54f380f0fcc31e6bf0b05102,0.025,250
known-origin,Mr. Bitcoin,0xfbeef911dc5821886e1dda71586d90ed28174b7d,656702,2021-10-14 13:23:06,0.15,ETH,0xcf75fc7a2fc8bde862b23353c09a4754e8fa7a38e7b3feae045b84aaf2b6a7f0,2021-10-28 04:38:57.299069,0.00375,ETH,0xb2aeb6aaf36ec5f83dd9466f72efabd45f7c5aac54f380f0fcc31e6bf0b05102,0.025,250
known-origin,Step on it DUCK!,0xabb3738f04dc2ec20f4ae4462c3d069d02ae045b,2545008,2021-10-14 14:22:04,0.027,ETH,0xe77db1f6fc412093d13a7647bcaade273aed124543f202a4a0dd78fe7841bbe8,2021-10-28 04:38:57.299069,0.003375,ETH,0xb2aeb6aaf36ec5f83dd9466f72efabd45f7c5aac54f380f0fcc31e6bf0b05102,0.125,1250
known-origin,Trinity - 50/50 Edition,0xfbeef911dc5821886e1dda71586d90ed28174b7d,465046,2021-10-14 23:33:27,0.085,ETH,0xdc323389ec9cada4821c059f08eff67ad75ed8993ede6600326a99fafd310509,2021-10-28 04:38:57.299069,0.010625,ETH,0xb2aeb6aaf36ec5f83dd9466f72efabd45f7c5aac54f380f0fcc31e6bf0b05102,0.125,1250
known-origin,hello admin dm me,0xfbeef911dc5821886e1dda71586d90ed28174b7d,88503,2021-10-15 00:26:16,55.0,ETH,0xd37670ec34fd8baf2dd88e013706280c03a91bc2e9974a438d7dde98dfc1a1c4,2021-10-28 04:38:57.299069,6.875,ETH,0xb2aeb6aaf36ec5f83dd9466f72efabd45f7c5aac54f380f0fcc31e6bf0b05102,0.125,1250
known-origin,Best-case Scenario,0xfbeef911dc5821886e1dda71586d90ed28174b7d,108066,2021-10-15 02:17:52,40.0,ETH,0x5f378c05debaf9a662e683637d6df1685338414a71055c624aeed487f618887e,2021-10-28 04:38:57.299069,1.0,ETH,0xb2aeb6aaf36ec5f83dd9466f72efabd45f7c5aac54f380f0fcc31e6bf0b05102,0.025,250
known-origin,Terminal Walk I,0xabb3738f04dc2ec20f4ae4462c3d069d02ae045b,1301002,2021-10-15 04:55:38,0.028,ETH,0x350ef34f5592d3f1b2f897b94940bf2f8052d187fc58a33c0d15433f3e8b21a8,2021-10-28 04:38:57.299069,0.0035,ETH,0xb2aeb6aaf36ec5f83dd9466f72efabd45f7c5aac54f380f0fcc31e6bf0b05102,0.125,1250
known-origin,Do Nothing (new variant),0xfbeef911dc5821886e1dda71586d90ed28174b7d,264615,2021-10-15 13:14:28,45.0,WETH,0x7f13112d2ccf5adbdcadb6b7adef0024f7c7058a96253ac90c7ca6c28b83ff30,2021-10-28 04:38:57.299069,5.625,WETH,0xb2aeb6aaf36ec5f83dd9466f72efabd45f7c5aac54f380f0fcc31e6bf0b05102,0.125,1250
known-origin,Rugaj Jetoj de Doloro,0xabb3738f04dc2ec20f4ae4462c3d069d02ae045b,2362008,2021-10-15 14:26:16,0.023,ETH,0x4d4b3414523fce1c0920c875bc3b969ae6e12c24ce3bb31539c6713071d6f4dd,2021-10-28 04:38:57.299069,0.002875,ETH,0xb2aeb6aaf36ec5f83dd9466f72efabd45f7c5aac54f380f0fcc31e6bf0b05102,0.125,1250
known-origin,Hello! I Have Just Arrived Here..,0xabb3738f04dc2ec20f4ae4462c3d069d02ae045b,1131009,2021-10-15 16:12:25,0.0225,ETH,0xdad309289bad23a61768acc37ad90c59052e36b1142f99d1e640ff298ba37064,2021-10-28 04:38:57.299069,0.0028125,ETH,0xb2aeb6aaf36ec5f83dd9466f72efabd45f7c5aac54f380f0fcc31e6bf0b05102,0.125,1250
known-origin,Bando Movigas en Purpuro,0xabb3738f04dc2ec20f4ae4462c3d069d02ae045b,2286007,2021-10-15 16:20:14,0.026,ETH,0x9944fc72e282097e5b9a82063c76787df5762c8f62063341314578322ec6844c,2021-10-28 04:38:57.299069,0.00325,ETH,0xb2aeb6aaf36ec5f83dd9466f72efabd45f7c5aac54f380f0fcc31e6bf0b05102,0.125,1250
known-origin,Faye Nature,0xfbeef911dc5821886e1dda71586d90ed28174b7d,147276,2021-10-15 20:11:01,0.1,ETH,0x7e3c7bdcb93929e190f4c07041d9cfe02e122e9de2fb22f016587523860b72c6,2021-10-28 04:38:57.299069,0.0125,ETH,0xb2aeb6aaf36ec5f83dd9466f72efabd45f7c5aac54f380f0fcc31e6bf0b05102,0.125,1250
known-origin,The Hanging Rivers of Babylon,0xfbeef911dc5821886e1dda71586d90ed28174b7d,142201,2021-10-15 20:11:01,0.09,ETH,0x26b53f9b7d9d146461e00ce440d9840d265c4a2800ceea62b71dc09e5cb33f88,2021-10-28 04:38:57.299069,0.00225,ETH,0xb2aeb6aaf36ec5f83dd9466f72efabd45f7c5aac54f380f0fcc31e6bf0b05102,0.025,250
known-origin,Burst,0xfbeef911dc5821886e1dda71586d90ed28174b7d,271901,2021-10-15 21:32:42,0.65,ETH,0x935cce0cac1349aaa34f89b27b6e057f9c07af465d54fb70ccafe8db16fcd809,2021-10-28 04:38:57.299069,0.01625,ETH,0xb2aeb6aaf36ec5f83dd9466f72efabd45f7c5aac54f380f0fcc31e6bf0b05102,0.025,250
known-origin,Jesus,0xfbeef911dc5821886e1dda71586d90ed28174b7d,599432,2021-10-15 23:44:10,0.05,ETH,0x3e00ccafb274f28555d27019619bda618e4d825155182b15c9cf645de06b03c2,2021-10-28 04:38:57.299069,0.00625,ETH,0xb2aeb6aaf36ec5f83dd9466f72efabd45f7c5aac54f380f0fcc31e6bf0b05102,0.125,1250
known-origin,Seedy Disappearance of the Yaztromos,0xabb3738f04dc2ec20f4ae4462c3d069d02ae045b,2264004,2021-10-15 23:44:57,0.025,ETH,0x390d8fc8ca65574a7c3349ad7bf6dc80818351fdc14d19c7fd0690c6a8c6f7a8,2021-10-28 04:38:57.299069,0.003125,ETH,0xb2aeb6aaf36ec5f83dd9466f72efabd45f7c5aac54f380f0fcc31e6bf0b05102,0.125,1250
known-origin,Intercepting circles,0xfbeef911dc5821886e1dda71586d90ed28174b7d,50775,2021-10-16 01:58:57,0.02,ETH,0x119b584eed18ceff1d243da8a491c0af71656a89e2db727f4a65ed5798268653,2021-10-28 04:38:57.299069,0.0025,ETH,0xb2aeb6aaf36ec5f83dd9466f72efabd45f7c5aac54f380f0fcc31e6bf0b05102,0.125,1250
known-origin,Intercepting circles,0xfbeef911dc5821886e1dda71586d90ed28174b7d,50791,2021-10-16 08:10:20,0.03,ETH,0x7ac3dd8b9f874ae1a4237a73a74a012e5b81dcd94251d26eb43dfd36010f4c6a,2021-10-28 04:38:57.299069,0.00375,ETH,0xb2aeb6aaf36ec5f83dd9466f72efabd45f7c5aac54f380f0fcc31e6bf0b05102,0.125,1250
known-origin,Kvar Fojoj,0xabb3738f04dc2ec20f4ae4462c3d069d02ae045b,2290008,2021-10-16 08:54:05,0.023,ETH,0x21284e8a4d3565d791ad6366a2574de25cb072d330111b2ce23ffe9c052156b8,2021-10-28 04:38:57.299069,0.002875,ETH,0xb2aeb6aaf36ec5f83dd9466f72efabd45f7c5aac54f380f0fcc31e6bf0b05102,0.125,1250
known-origin,Mayhem Special Collaboration #2,0xabb3738f04dc2ec20f4ae4462c3d069d02ae045b,2390006,2021-10-16 08:59:18,0.023,ETH,0x0603c1e9f66f5987fe969ec3ad17ba7529feae28f882f63b50a15583fa14b3e0,2021-10-28 04:38:57.299069,0.002875,ETH,0xb2aeb6aaf36ec5f83dd9466f72efabd45f7c5aac54f380f0fcc31e6bf0b05102,0.125,1250
known-origin,Muskolo por Salajro,0xabb3738f04dc2ec20f4ae4462c3d069d02ae045b,2361008,2021-10-16 09:03:06,0.024,ETH,0x685d4f77d90d60ec5352a8dc07e660793248b4faaa2297386dee463c8d32f40f,2021-10-28 04:38:57.299069,0.003,ETH,0xb2aeb6aaf36ec5f83dd9466f72efabd45f7c5aac54f380f0fcc31e6bf0b05102,0.125,1250
known-origin,Mata Bust of Mata Hari,0xabb3738f04dc2ec20f4ae4462c3d069d02ae045b,967001,2021-10-16 09:30:15,0.03,ETH,0x8c914d52aee6516aa7fa4abbd56777095bd21e398dbf6ed1f65323d1e2f9d0d2,2021-10-28 04:38:57.299069,0.00375,ETH,0xb2aeb6aaf36ec5f83dd9466f72efabd45f7c5aac54f380f0fcc31e6bf0b05102,0.125,1250
known-origin,The Siren,0xfbeef911dc5821886e1dda71586d90ed28174b7d,147926,2021-10-16 09:30:33,0.05,WETH,0x7a2413d362af267445aae76a0cb18ee84683420eaac3f505dff0a141275c9cbc,2021-10-28 04:38:57.299069,0.00625,WETH,0xb2aeb6aaf36ec5f83dd9466f72efabd45f7c5aac54f380f0fcc31e6bf0b05102,0.125,1250
known-origin,Heart and Soul of the Dance,0xabb3738f04dc2ec20f4ae4462c3d069d02ae045b,1255001,2021-10-16 09:33:22,0.033,ETH,0x7b980789baebce9ebfe9f2902a07c6aab7bbe60acd0e330ccd51f2836c039ee0,2021-10-28 04:38:57.299069,0.004125,ETH,0xb2aeb6aaf36ec5f83dd9466f72efabd45f7c5aac54f380f0fcc31e6bf0b05102,0.125,1250
known-origin,Mayhem Special Collaboration #1,0xabb3738f04dc2ec20f4ae4462c3d069d02ae045b,2387008,2021-10-16 09:34:14,0.033,ETH,0x9136c2f424630af542e43562906cdc223ff80bfbbfc63aca8c0f2d52cd216873,2021-10-28 04:38:57.299069,0.004125,ETH,0xb2aeb6aaf36ec5f83dd9466f72efabd45f7c5aac54f380f0fcc31e6bf0b05102,0.125,1250
known-origin,Shallow Water Special #3,0xabb3738f04dc2ec20f4ae4462c3d069d02ae045b,2383008,2021-10-16 09:35:47,0.034,ETH,0xd0d2b8a7bd7c313f32906efd31132024a398fca704714e7f6cb7e86c3f3326aa,2021-10-28 04:38:57.299069,0.00425,ETH,0xb2aeb6aaf36ec5f83dd9466f72efabd45f7c5aac54f380f0fcc31e6bf0b05102,0.125,1250
known-origin,When The Horse Is No More A Horse,0xabb3738f04dc2ec20f4ae4462c3d069d02ae045b,2241007,2021-10-17 04:55:41,0.024,ETH,0xc46f31e2c36a61e418d02649025e2d4366ec3a44925c8407dfba6ae361ff7fa5,2021-10-28 04:38:57.299069,0.003,ETH,0xb2aeb6aaf36ec5f83dd9466f72efabd45f7c5aac54f380f0fcc31e6bf0b05102,0.125,1250
known-origin,Rugaj Jetoj de Doloro,0xabb3738f04dc2ec20f4ae4462c3d069d02ae045b,2362006,2021-10-17 05:04:18,0.025,ETH,0xf45084bbdee91e37460008e0707f1072bc35477896939661c5d5f412964e5444,2021-10-28 04:38:57.299069,0.003125,ETH,0xb2aeb6aaf36ec5f83dd9466f72efabd45f7c5aac54f380f0fcc31e6bf0b05102,0.125,1250
known-origin,I Remember All,0xabb3738f04dc2ec20f4ae4462c3d069d02ae045b,1030003,2021-10-17 12:16:48,0.05,WETH,0x2d88b37bd1bda7f6808059794f342c92e0be6dfc59174ea3bf4fbdd6b5e9b3e4,2021-10-28 04:38:57.299069,0.00625,WETH,0xb2aeb6aaf36ec5f83dd9466f72efabd45f7c5aac54f380f0fcc31e6bf0b05102,0.125,1250
known-origin,Kvar Fojoj,0xabb3738f04dc2ec20f4ae4462c3d069d02ae045b,2290005,2021-10-17 12:20:36,0.03,WETH,0x2bcd67c856bd29335157b529b10a216e3d5d0367372f7f7b57e90f571d9446d4,2021-10-28 04:38:57.299069,0.00375,WETH,0xb2aeb6aaf36ec5f83dd9466f72efabd45f7c5aac54f380f0fcc31e6bf0b05102,0.125,1250
known-origin,When The Horse Is No More A Horse,0xabb3738f04dc2ec20f4ae4462c3d069d02ae045b,2241008,2021-10-17 13:44:30,0.025,ETH,0x030fa57af753361d521d14b6fa7fca05710d2c521f5aa42332ef672739cfab2f,2021-10-28 04:38:57.299069,0.003125,ETH,0xb2aeb6aaf36ec5f83dd9466f72efabd45f7c5aac54f380f0fcc31e6bf0b05102,0.125,1250
known-origin,Peace of Mind,0xfbeef911dc5821886e1dda71586d90ed28174b7d,583701,2021-10-18 04:57:15,2.5,ETH,0x5402bf1f8d14bc22bd18f958680ed453efd3c88615bb636d2f8accbc71423d01,2021-10-28 04:38:57.299069,0.3125,ETH,0xb2aeb6aaf36ec5f83dd9466f72efabd45f7c5aac54f380f0fcc31e6bf0b05102,0.125,1250
known-origin,Malvarmeta,0xabb3738f04dc2ec20f4ae4462c3d069d02ae045b,2285008,2021-10-18 09:35:17,0.024,ETH,0xa891cbf0835f79ed127d94961499f980cc0124cc89d8c05ec4ec0e760281167b,2021-10-28 04:38:57.299069,0.003,ETH,0xb2aeb6aaf36ec5f83dd9466f72efabd45f7c5aac54f380f0fcc31e6bf0b05102,0.125,1250
known-origin,Twin Flames 2021 Sabet,0xfbeef911dc5821886e1dda71586d90ed28174b7d,574305,2021-10-18 16:20:36,0.15,WETH,0x0d675594926efda3d58e59479252a59656c671505b5ca4408ddccef9f69f8548,2021-10-28 04:38:57.299069,0.01875,WETH,0xb2aeb6aaf36ec5f83dd9466f72efabd45f7c5aac54f380f0fcc31e6bf0b05102,0.125,1250
known-origin,Mystic Heart 2021 Sabet,0xfbeef911dc5821886e1dda71586d90ed28174b7d,579810,2021-10-18 16:39:24,0.15,WETH,0x666493222533381e5d968093129468de796ad39fa64a16d3f41afd7e859ce139,2021-10-28 04:38:57.299069,0.01875,WETH,0xb2aeb6aaf36ec5f83dd9466f72efabd45f7c5aac54f380f0fcc31e6bf0b05102,0.125,1250
known-origin,BrainHash‚Ñ¢ Worldwide inc.,0xfbeef911dc5821886e1dda71586d90ed28174b7d,113729,2021-10-18 17:59:26,1.0,ETH,0x027a943a4ca2b560a6bf0b92abeada49392e587c4aa04eadf1f98a6fa199a870,2021-10-28 04:38:57.299069,0.025,ETH,0xb2aeb6aaf36ec5f83dd9466f72efabd45f7c5aac54f380f0fcc31e6bf0b05102,0.025,250
known-origin,BrainHash‚Ñ¢ Worldwide inc.,0xfbeef911dc5821886e1dda71586d90ed28174b7d,113737,2021-10-18 18:12:59,1.0,ETH,0x4cd312cfc96f5a0a30f89d19a249c3ae97083f421c30773dd83baac3f34f038a,2021-10-28 04:38:57.299069,0.025,ETH,0xb2aeb6aaf36ec5f83dd9466f72efabd45f7c5aac54f380f0fcc31e6bf0b05102,0.025,250
known-origin,Wi-Fi RiOT,0xfbeef911dc5821886e1dda71586d90ed28174b7d,180579,2021-10-19 00:14:48,5.0,WETH,0x4cc7226d72f35e65bb412c194fb491310669e1af51507211896e2ca47a6ea91f,2021-10-28 04:38:57.299069,0.625,WETH,0xb2aeb6aaf36ec5f83dd9466f72efabd45f7c5aac54f380f0fcc31e6bf0b05102,0.125,1250
known-origin,Amor Verde,0xabb3738f04dc2ec20f4ae4462c3d069d02ae045b,856009,2021-10-19 00:47:10,0.0325,ETH,0xa2458528682192690df628958fe5da338e5caae6e9fc38b957b2eb7ca5e2492e,2021-10-28 04:38:57.299069,0.0040625,ETH,0xb2aeb6aaf36ec5f83dd9466f72efabd45f7c5aac54f380f0fcc31e6bf0b05102,0.125,1250
known-origin,Colorful Thoughts of Mine,0xabb3738f04dc2ec20f4ae4462c3d069d02ae045b,944009,2021-10-19 03:33:49,0.015,ETH,0xef8858133c39210afe56681d9097f6ef6624a24a55291d7f3635158917563fb5,2021-10-28 04:38:57.299069,0.001875,ETH,0xb2aeb6aaf36ec5f83dd9466f72efabd45f7c5aac54f380f0fcc31e6bf0b05102,0.125,1250
known-origin,The Doomed,0xfbeef911dc5821886e1dda71586d90ed28174b7d,22074,2021-10-19 09:41:29,25.0,ETH,0x921048a9757ffd55c6ff90651baa631c4453363ba023b95e0551940ca1fb2466,2021-10-28 04:38:57.299069,0.625,ETH,0xb2aeb6aaf36ec5f83dd9466f72efabd45f7c5aac54f380f0fcc31e6bf0b05102,0.025,250
known-origin,Seedy Disappearance of the Yaztromos,0xabb3738f04dc2ec20f4ae4462c3d069d02ae045b,2264007,2021-10-19 22:09:01,0.026,ETH,0x0982e4b8b853b9f513629407585b8599277b7fef493f323a549fc896a2d8b8da,2021-10-28 04:38:57.299069,0.00325,ETH,0xb2aeb6aaf36ec5f83dd9466f72efabd45f7c5aac54f380f0fcc31e6bf0b05102,0.125,1250
known-origin,Colorful Thoughts of Mine,0xabb3738f04dc2ec20f4ae4462c3d069d02ae045b,944007,2021-10-19 22:16:51,0.036,ETH,0xbb46c621c62531ccb132f373fcc2dd48bec6e522816c3ddb603684e08de46176,2021-10-28 04:38:57.299069,0.0045,ETH,0xb2aeb6aaf36ec5f83dd9466f72efabd45f7c5aac54f380f0fcc31e6bf0b05102,0.125,1250
known-origin,BTC de los muertos,0xfbeef911dc5821886e1dda71586d90ed28174b7d,228185,2021-10-20 04:29:56,0.55,ETH,0xc5ac60ca24b02b424138b96145e4d299fdc9168252da20b0023d6a45a1966044,2021-10-28 04:38:57.299069,0.01375,ETH,0xb2aeb6aaf36ec5f83dd9466f72efabd45f7c5aac54f380f0fcc31e6bf0b05102,0.025,250
known-origin,NFTEvil,0xfbeef911dc5821886e1dda71586d90ed28174b7d,298657,2021-10-20 04:33:12,1.0,ETH,0x1b1a5d87663b34e58a5be210386aa544545be0cd2e0716b2fa16e1a43e765196,2021-10-28 04:38:57.299069,0.025,ETH,0xb2aeb6aaf36ec5f83dd9466f72efabd45f7c5aac54f380f0fcc31e6bf0b05102,0.025,250
known-origin,"Good boy, smart boy.",0xfbeef911dc5821886e1dda71586d90ed28174b7d,164104,2021-10-20 09:40:58,0.015,ETH,0x2ea9e10b4ac5b940338cb32038bfb2e659138a0cb5c2c4df4473b8a55153f969,2021-10-28 04:38:57.299069,0.001875,ETH,0xb2aeb6aaf36ec5f83dd9466f72efabd45f7c5aac54f380f0fcc31e6bf0b05102,0.125,1250
known-origin,No Favour (cold),0xfbeef911dc5821886e1dda71586d90ed28174b7d,107221,2021-10-20 18:11:39,50.0,ETH,0xa0f5777ed7c2be17f6e7dbe74630b67eb4d9b9198c4e65bc8538e12aebd06627,2021-10-28 04:38:57.299069,6.25,ETH,0xb2aeb6aaf36ec5f83dd9466f72efabd45f7c5aac54f380f0fcc31e6bf0b05102,0.125,1250
known-origin,The Bunny (aka The Melting Bunny Still),0xfbeef911dc5821886e1dda71586d90ed28174b7d,243427,2021-10-20 18:42:13,0.039,ETH,0x051d1ec065088ec16ec6c2c53cb4f3da58d4d765dc068cfef3e2c128493524ef,2021-10-28 04:38:57.299069,0.004875,ETH,0xb2aeb6aaf36ec5f83dd9466f72efabd45f7c5aac54f380f0fcc31e6bf0b05102,0.125,1250
known-origin,Feathers IV/XIV,0xfbeef911dc5821886e1dda71586d90ed28174b7d,210301,2021-10-20 18:48:46,0.15,ETH,0x9cf78284bfcbae088ec64fccfc5a217f3d063f472f7dc8d6e59c5aeb08ce1701,2021-10-28 04:38:57.299069,0.01875,ETH,0xb2aeb6aaf36ec5f83dd9466f72efabd45f7c5aac54f380f0fcc31e6bf0b05102,0.125,1250
known-origin,Through the Cracks of My Mind,0xfbeef911dc5821886e1dda71586d90ed28174b7d,443501,2021-10-20 19:34:39,0.025,ETH,0xf32853eee1efe445f12bd2e05c445d4fb80d42102d4263ec8918f188bacb6c1e,2021-10-28 04:38:57.299069,0.003125,ETH,0xb2aeb6aaf36ec5f83dd9466f72efabd45f7c5aac54f380f0fcc31e6bf0b05102,0.125,1250
known-origin,Disintegration,0xfbeef911dc5821886e1dda71586d90ed28174b7d,27942,2021-10-20 19:59:22,30.0,ETH,0xe1b6ed5678d9b2495fcfe582b8cf7d114b1717a0f22f30ed2305d2ad904d3ace,2021-10-28 04:38:57.299069,0.75,ETH,0xb2aeb6aaf36ec5f83dd9466f72efabd45f7c5aac54f380f0fcc31e6bf0b05102,0.025,250
known-origin,She Thinks Big,0xabb3738f04dc2ec20f4ae4462c3d069d02ae045b,1217008,2021-10-20 21:17:38,0.021,ETH,0xc1410810d741f7ce710da567a7c7d077dcaada0cb71620af52a6161285cf7f5d,2021-10-28 04:38:57.299069,0.002625,ETH,0xb2aeb6aaf36ec5f83dd9466f72efabd45f7c5aac54f380f0fcc31e6bf0b05102,0.125,1250
known-origin,Colorful Thoughts of Mine,0xabb3738f04dc2ec20f4ae4462c3d069d02ae045b,944008,2021-10-20 21:50:11,0.045,ETH,0x6fb15388ad249a13c064fd170240afcfc5f4638b69b0b96525a1d0ed563bc3d6,2021-10-28 04:38:57.299069,0.005625,ETH,0xb2aeb6aaf36ec5f83dd9466f72efabd45f7c5aac54f380f0fcc31e6bf0b05102,0.125,1250
known-origin,Banned in China 1.06,0xfbeef911dc5821886e1dda71586d90ed28174b7d,113794,2021-10-21 02:30:49,0.5,ETH,0x55224954b726c6ec0f5b9438de2fff3b4fbc5573f0660e9ac6dad83c56872787,2021-10-28 04:38:57.299069,0.0125,ETH,0xb2aeb6aaf36ec5f83dd9466f72efabd45f7c5aac54f380f0fcc31e6bf0b05102,0.025,250
known-origin,Welcome to the Metaverse,0xfbeef911dc5821886e1dda71586d90ed28174b7d,650303,2021-10-21 02:36:59,0.1,ETH,0x015b2287365ab766f1e4c361caea8cb2b8442afcb9226aa08e75bdf537f46d48,2021-10-28 04:38:57.299069,0.0125,ETH,0xb2aeb6aaf36ec5f83dd9466f72efabd45f7c5aac54f380f0fcc31e6bf0b05102,0.125,1250
known-origin,Cacatio Matutina Est Tamquam Medicina,0xfbeef911dc5821886e1dda71586d90ed28174b7d,85351,2021-10-21 04:42:58,0.059,ETH,0x4ade5cf9bf2ed0bbb49a9e960ee05ec5876e82da1e1be7c212b3fd928359e999,2021-10-28 04:38:57.299069,0.001475,ETH,0xb2aeb6aaf36ec5f83dd9466f72efabd45f7c5aac54f380f0fcc31e6bf0b05102,0.025,250
known-origin,Step on it DUCK!,0xabb3738f04dc2ec20f4ae4462c3d069d02ae045b,2545009,2021-10-21 04:47:48,0.024,ETH,0x1c5fe21a6bdcc3f8d975163bb72bbf1bcee0df8d317f6332d295cf60a988cd82,2021-10-28 04:38:57.299069,0.003,ETH,0xb2aeb6aaf36ec5f83dd9466f72efabd45f7c5aac54f380f0fcc31e6bf0b05102,0.125,1250
known-origin,Dango for everyone üç°,0xfbeef911dc5821886e1dda71586d90ed28174b7d,281907,2021-10-21 08:46:18,0.5,ETH,0x83634a8cdf7be0fa9ffde9220fec4271c45277f874f1185be24d995e3c78a8ed,2021-10-28 04:38:57.299069,0.0125,ETH,0xb2aeb6aaf36ec5f83dd9466f72efabd45f7c5aac54f380f0fcc31e6bf0b05102,0.025,250
known-origin,Step on it DUCK!,0xabb3738f04dc2ec20f4ae4462c3d069d02ae045b,2545006,2021-10-21 12:37:50,0.0275,ETH,0xce9be0c86444a5cc7684ca8f55e49bba00550d1f2c35f7799c5c53ad3707fb7a,2021-10-28 04:38:57.299069,0.0034375,ETH,0xb2aeb6aaf36ec5f83dd9466f72efabd45f7c5aac54f380f0fcc31e6bf0b05102,0.125,1250
known-origin,Hello! I Have Just Arrived Here..,0xabb3738f04dc2ec20f4ae4462c3d069d02ae045b,1131008,2021-10-21 13:30:39,0.025,ETH,0xacfa232f9160dc729884194b066a4c0d3ee8536b7bae7bcc8bc6cbd3113563ac,2021-10-28 04:38:57.299069,0.003125,ETH,0xb2aeb6aaf36ec5f83dd9466f72efabd45f7c5aac54f380f0fcc31e6bf0b05102,0.125,1250
known-origin,Dangero Grizo,0xabb3738f04dc2ec20f4ae4462c3d069d02ae045b,2291008,2021-10-21 15:07:34,0.024,ETH,0xd9eb9e9daac1b56e7775e058a243784eea9f959c28417c74386070be2d1fe858,2021-10-28 04:38:57.299069,0.003,ETH,0xb2aeb6aaf36ec5f83dd9466f72efabd45f7c5aac54f380f0fcc31e6bf0b05102,0.125,1250
known-origin,[Un]seen Warsaw,0xabb3738f04dc2ec20f4ae4462c3d069d02ae045b,2396000,2021-10-21 15:38:24,1.23,WETH,0x7c000ba79a920b5474b0b32375e1c8bdfb96fa1a8e4a32d3dd1553f48c6c9815,2021-10-28 04:38:57.299069,0.15375,WETH,0xb2aeb6aaf36ec5f83dd9466f72efabd45f7c5aac54f380f0fcc31e6bf0b05102,0.125,1250
known-origin,Escape to a Decentralized Planet,0xfbeef911dc5821886e1dda71586d90ed28174b7d,202303,2021-10-22 04:21:23,0.4,ETH,0x02205fe3a35a3b2195b4b09d8c579fb9b2e1c8503af8b1c2b2911b96748c2a4d,2021-10-28 04:38:57.299069,0.01,ETH,0xb2aeb6aaf36ec5f83dd9466f72efabd45f7c5aac54f380f0fcc31e6bf0b05102,0.025,250
known-origin,√†nemos,0xfbeef911dc5821886e1dda71586d90ed28174b7d,177551,2021-10-22 04:54:37,0.05,ETH,0x4ff024f244d5738f6afdb5cda0791bc7df5a86ec43b059f990094b17bfbdcaa7,2021-10-28 04:38:57.299069,0.00625,ETH,0xb2aeb6aaf36ec5f83dd9466f72efabd45f7c5aac54f380f0fcc31e6bf0b05102,0.125,1250
known-origin,Idea Birdie,0xabb3738f04dc2ec20f4ae4462c3d069d02ae045b,1048007,2021-10-22 14:29:02,0.0225,ETH,0x549c1b323664444b7174b3f649da4bc59d9fc32a696d6f58594b46fb217f09f4,2021-10-28 04:38:57.299069,0.0028125,ETH,0xb2aeb6aaf36ec5f83dd9466f72efabd45f7c5aac54f380f0fcc31e6bf0b05102,0.125,1250
known-origin,PFP OR DIE #21,0xabb3738f04dc2ec20f4ae4462c3d069d02ae045b,3020000,2021-10-22 15:48:31,1.11,ETH,0x4df510e7f050f773c449ed84ce2f46218e098193e57a74f594c46a2ee8b40e8a,2021-10-28 04:38:57.299069,0.13875,ETH,0xb2aeb6aaf36ec5f83dd9466f72efabd45f7c5aac54f380f0fcc31e6bf0b05102,0.125,1250
known-origin,Last Selfie,0xfbeef911dc5821886e1dda71586d90ed28174b7d,30107,2021-10-22 22:01:47,100.0,WETH,0xb1ccda1b6edd2d8d3ba0d0616969f973e4bf95d390ed96037c4196f204483a4a,2021-10-28 04:38:57.299069,12.5,WETH,0xb2aeb6aaf36ec5f83dd9466f72efabd45f7c5aac54f380f0fcc31e6bf0b05102,0.125,1250
known-origin,Elephant - Illustrated animals series,0xfbeef911dc5821886e1dda71586d90ed28174b7d,28727,2021-10-22 23:28:48,0.04,ETH,0xd78cd64e978e1e66d87c4bfd43e3ca3c5a2993be09ea1365b0f134d7f11c9667,2021-10-28 04:38:57.299069,0.005,ETH,0xb2aeb6aaf36ec5f83dd9466f72efabd45f7c5aac54f380f0fcc31e6bf0b05102,0.125,1250
known-origin,Obscured by the Giants,0xabb3738f04dc2ec20f4ae4462c3d069d02ae045b,1123005,2021-10-23 02:32:58,0.0174,ETH,0x98c2bc0adb91a5ccc3574f503533958b7eddc7c956793e4a5183f9b397419bec,2021-10-28 04:38:57.299069,0.002175,ETH,0xb2aeb6aaf36ec5f83dd9466f72efabd45f7c5aac54f380f0fcc31e6bf0b05102,0.125,1250
known-origin,Walking Away In Protest,0xabb3738f04dc2ec20f4ae4462c3d069d02ae045b,1220009,2021-10-23 03:01:31,0.02,ETH,0x2f1c6fe61392929310e2da7aa1a44afa9bab6a367f0b2bc4db1fbd1e80136b49,2021-10-28 04:38:57.299069,0.0025,ETH,0xb2aeb6aaf36ec5f83dd9466f72efabd45f7c5aac54f380f0fcc31e6bf0b05102,0.125,1250
known-origin,Hello! I Have Just Arrived Here..,0xabb3738f04dc2ec20f4ae4462c3d069d02ae045b,1131003,2021-10-23 11:18:20,0.024,ETH,0x9072254acad0be49dd6593c6115af4bf29ec75e7f73cba69dc17568d6ec63e0c,2021-10-28 04:38:57.299069,0.003,ETH,0xb2aeb6aaf36ec5f83dd9466f72efabd45f7c5aac54f380f0fcc31e6bf0b05102,0.125,1250
known-origin,Deeply Confused Scream,0xfbeef911dc5821886e1dda71586d90ed28174b7d,626803,2021-10-23 11:33:04,0.064,ETH,0x30a573d288784cca037e27eb855d562d022120b5267a5b7a24e6db22711e8982,2021-10-28 04:38:57.299069,0.008,ETH,0xb2aeb6aaf36ec5f83dd9466f72efabd45f7c5aac54f380f0fcc31e6bf0b05102,0.125,1250
known-origin,Eternity in an Hour,0xabb3738f04dc2ec20f4ae4462c3d069d02ae045b,2364008,2021-10-23 11:59:03,0.033,ETH,0x18ebaad6303143a06479b5d5422dcfa36a40fc1aefbd05ba051fa708a4520417,2021-10-28 04:38:57.299069,0.004125,ETH,0xb2aeb6aaf36ec5f83dd9466f72efabd45f7c5aac54f380f0fcc31e6bf0b05102,0.125,1250
known-origin,Rhoda,0xfbeef911dc5821886e1dda71586d90ed28174b7d,450602,2021-10-23 12:41:40,0.02,ETH,0xdb7ba6f20274a1dd858078831579a4c9a47ff45f9b15a5a46d67a1c5a2d8e5b6,2021-10-28 04:38:57.299069,0.0025,ETH,0xb2aeb6aaf36ec5f83dd9466f72efabd45f7c5aac54f380f0fcc31e6bf0b05102,0.125,1250
known-origin,Bunny Stare,0xfbeef911dc5821886e1dda71586d90ed28174b7d,654302,2021-10-23 13:44:55,0.1,WETH,0x15187f9694d770bcf76838efbc318fa4e6231aefebf7efbfd945e24d70ceb237,2021-10-28 04:38:57.299069,0.0125,WETH,0xb2aeb6aaf36ec5f83dd9466f72efabd45f7c5aac54f380f0fcc31e6bf0b05102,0.125,1250
known-origin,Hey -- It's Your Turn to Scream Now,0xabb3738f04dc2ec20f4ae4462c3d069d02ae045b,962003,2021-10-23 14:57:44,0.031,ETH,0x753a6a2a10cbe7dbe955eff5cdf473e1811fc7402e70504084820a97221df46b,2021-10-28 04:38:57.299069,0.003875,ETH,0xb2aeb6aaf36ec5f83dd9466f72efabd45f7c5aac54f380f0fcc31e6bf0b05102,0.125,1250
known-origin,Pixel Space Defender I,0xabb3738f04dc2ec20f4ae4462c3d069d02ae045b,2631006,2021-10-23 15:17:26,0.024,ETH,0x7289a38679f6cb4c547e0f95756e9e3ac28c04100d2b10fb669d1bfdbcf865ba,2021-10-28 04:38:57.299069,0.003,ETH,0xb2aeb6aaf36ec5f83dd9466f72efabd45f7c5aac54f380f0fcc31e6bf0b05102,0.125,1250
known-origin,Pixel Space Defender II,0xabb3738f04dc2ec20f4ae4462c3d069d02ae045b,2633008,2021-10-23 15:17:26,0.024,ETH,0x05fa983fcab960712f0b9863a581402cf18906c5d699c99d1f19698b0c5e702f,2021-10-28 04:38:57.299069,0.003,ETH,0xb2aeb6aaf36ec5f83dd9466f72efabd45f7c5aac54f380f0fcc31e6bf0b05102,0.125,1250
known-origin,USA 1870: Deconstructing G,0xfbeef911dc5821886e1dda71586d90ed28174b7d,233604,2021-10-23 15:17:26,0.079,ETH,0xc8e8520fdc51f4c216ce660fde245f598e7ad380bcc59224a9f1bdabf587c6a1,2021-10-28 04:38:57.299069,0.009875,ETH,0xb2aeb6aaf36ec5f83dd9466f72efabd45f7c5aac54f380f0fcc31e6bf0b05102,0.125,1250
known-origin,Mayhem Special Collaboration #2,0xabb3738f04dc2ec20f4ae4462c3d069d02ae045b,2390007,2021-10-23 15:21:32,0.0275,ETH,0x15a8f07903b2542118c6325811a10845494ae55c4bb1b2fc473bd863a0680404,2021-10-28 04:38:57.299069,0.0034375,ETH,0xb2aeb6aaf36ec5f83dd9466f72efabd45f7c5aac54f380f0fcc31e6bf0b05102,0.125,1250
known-origin,USA 1870: Deconstructing G,0xfbeef911dc5821886e1dda71586d90ed28174b7d,233605,2021-10-23 16:44:45,0.085,ETH,0xc90d643b28c407cf34cdd4293a4a4beb7c1468f5f7d6e6f46fa9d062f5678ea7,2021-10-28 04:38:57.299069,0.010625,ETH,0xb2aeb6aaf36ec5f83dd9466f72efabd45f7c5aac54f380f0fcc31e6bf0b05102,0.125,1250
known-origin,Duckstep,0xabb3738f04dc2ec20f4ae4462c3d069d02ae045b,2547007,2021-10-23 18:50:11,0.0275,ETH,0xf8216cde2c2948c867dc5b9ae4e94acd83a330383407722fdcd4ce47d1a44821,2021-10-28 04:38:57.299069,0.0034375,ETH,0xb2aeb6aaf36ec5f83dd9466f72efabd45f7c5aac54f380f0fcc31e6bf0b05102,0.125,1250
known-origin,WORLD SUPER ROBOT,0xfbeef911dc5821886e1dda71586d90ed28174b7d,616506,2021-10-23 19:21:59,0.09,ETH,0xdfb7bd1d1939455dcbb3b21da478fe4cf49d731bfe182a2c2aa0fafe1624957b,2021-10-28 04:38:57.299069,0.01125,ETH,0xb2aeb6aaf36ec5f83dd9466f72efabd45f7c5aac54f380f0fcc31e6bf0b05102,0.125,1250
known-origin,Fruit Salad,0xabb3738f04dc2ec20f4ae4462c3d069d02ae045b,1747001,2021-10-23 19:40:06,0.35,ETH,0xf7d702b05b0e4cd455ed8ad9d79200b5474bdcd0de0e647cf2e37409b5343890,2021-10-28 04:38:57.299069,0.04375,ETH,0xb2aeb6aaf36ec5f83dd9466f72efabd45f7c5aac54f380f0fcc31e6bf0b05102,0.125,1250
known-origin,Anti-Modern Beauty,0xabb3738f04dc2ec20f4ae4462c3d069d02ae045b,965002,2021-10-23 23:35:36,0.0275,ETH,0x74d31651dd9b85ef3f5a4db5ac9c78f53ef6ac112f0c2db0cd92b428e2bc7fd8,2021-10-28 04:38:57.299069,0.0006875,ETH,0xb2aeb6aaf36ec5f83dd9466f72efabd45f7c5aac54f380f0fcc31e6bf0b05102,0.025,250
known-origin,NFT Station,0xfbeef911dc5821886e1dda71586d90ed28174b7d,114651,2021-10-24 04:01:23,0.75,ETH,0xc986f5d4b4ef58eb35bba1f2259806338c5578e4cb112543894642be4c0389ec,2021-10-28 04:38:57.299069,0.01875,ETH,0xb2aeb6aaf36ec5f83dd9466f72efabd45f7c5aac54f380f0fcc31e6bf0b05102,0.025,250
known-origin,The Red London Box,0xabb3738f04dc2ec20f4ae4462c3d069d02ae045b,3384000,2021-10-24 04:19:29,0.15,ETH,0x2628518b99a2741b533352e16c2c97c45522e32db21e29c29dc4607bab1d5f64,2021-10-28 04:38:57.299069,0.01875,ETH,0xb2aeb6aaf36ec5f83dd9466f72efabd45f7c5aac54f380f0fcc31e6bf0b05102,0.125,1250
known-origin,PFP OR DIE #45,0xabb3738f04dc2ec20f4ae4462c3d069d02ae045b,3047000,2021-10-24 04:42:05,1.0,ETH,0xec8f3559a570a8b296dc65d14e557b3ac1057c560e11757b45eefe8b1e4029bb,2021-10-28 04:38:57.299069,0.125,ETH,0xb2aeb6aaf36ec5f83dd9466f72efabd45f7c5aac54f380f0fcc31e6bf0b05102,0.125,1250
known-origin,Trippin' Ogre,0xabb3738f04dc2ec20f4ae4462c3d069d02ae045b,3303001,2021-10-24 07:21:18,0.69,WETH,0xe4f8b5991103093f0730c303ee7ad08af85e5f821e96b126e55f5bfe151ff017,2021-10-28 04:38:57.299069,0.08625,WETH,0xb2aeb6aaf36ec5f83dd9466f72efabd45f7c5aac54f380f0fcc31e6bf0b05102,0.125,1250
known-origin,Rugaj Jetoj de Doloro,0xabb3738f04dc2ec20f4ae4462c3d069d02ae045b,2362007,2021-10-24 11:22:25,0.025,ETH,0xb86af9675eac834717e21a223a88c1808ffed100b698f409dc1b4f37d7be6750,2021-10-28 04:38:57.299069,0.003125,ETH,0xb2aeb6aaf36ec5f83dd9466f72efabd45f7c5aac54f380f0fcc31e6bf0b05102,0.125,1250
known-origin,Windows Porn,0xabb3738f04dc2ec20f4ae4462c3d069d02ae045b,2636000,2021-10-24 14:16:26,0.05,ETH,0x88ed227d5b4fba3a740f661af96f6aec41d63d2caeacb89acd0169d189dd60b7,2021-10-28 04:38:57.299069,0.00625,ETH,0xb2aeb6aaf36ec5f83dd9466f72efabd45f7c5aac54f380f0fcc31e6bf0b05102,0.125,1250
known-origin,Solace,0xabb3738f04dc2ec20f4ae4462c3d069d02ae045b,1110008,2021-10-24 17:35:53,0.021,ETH,0xf3f72731d390b1c5c38c1425041cb9010b86ec21411c39ca53b312d21131b563,2021-10-28 04:38:57.299069,0.002625,ETH,0xb2aeb6aaf36ec5f83dd9466f72efabd45f7c5aac54f380f0fcc31e6bf0b05102,0.125,1250
known-origin,She Thinks Big,0xabb3738f04dc2ec20f4ae4462c3d069d02ae045b,1217002,2021-10-25 01:23:26,0.028,ETH,0x397ed125fab5c6054be4c104577986b53e87cd773fb30dcaaa2cd1842f17d7c2,2021-10-28 04:38:57.299069,0.0035,ETH,0xb2aeb6aaf36ec5f83dd9466f72efabd45f7c5aac54f380f0fcc31e6bf0b05102,0.125,1250
known-origin,THE POWER OF GAIA,0xfbeef911dc5821886e1dda71586d90ed28174b7d,149940,2021-10-25 12:43:34,0.19,ETH,0x09523eb7cdd07cc80ad51231c9731922568d50edf2843a6061aa570388cad54f,2021-10-28 04:38:57.299069,0.00475,ETH,0xb2aeb6aaf36ec5f83dd9466f72efabd45f7c5aac54f380f0fcc31e6bf0b05102,0.025,250
known-origin,THE POWER OF GAIA,0xfbeef911dc5821886e1dda71586d90ed28174b7d,149929,2021-10-25 12:52:13,0.295,ETH,0xc60f987024376a379f730bc76fca7514d7c734ed4855d853ea22ff9bfbec0492,2021-10-28 04:38:57.299069,0.007375,ETH,0xb2aeb6aaf36ec5f83dd9466f72efabd45f7c5aac54f380f0fcc31e6bf0b05102,0.025,250
known-origin,Scarlet is Burning,0xfbeef911dc5821886e1dda71586d90ed28174b7d,54818,2021-10-25 13:45:46,0.05,ETH,0xd7250f5349f890fc9b3670456929b904ca7f545026399e3857dd861ca6dd43bc,2021-10-28 04:38:57.299069,0.00125,ETH,0xb2aeb6aaf36ec5f83dd9466f72efabd45f7c5aac54f380f0fcc31e6bf0b05102,0.025,250
known-origin,Pixelfellas,0xabb3738f04dc2ec20f4ae4462c3d069d02ae045b,2504000,2021-10-25 18:54:01,0.4469,WETH,0x64cfffa1df430d0955670c4214490e50e7c21caa1dddc1a90fbd3173ac50a57c,2021-10-28 04:38:57.299069,0.0558625,WETH,0xb2aeb6aaf36ec5f83dd9466f72efabd45f7c5aac54f380f0fcc31e6bf0b05102,0.125,1250
known-origin,Bando Movigas en Purpuro,0xabb3738f04dc2ec20f4ae4462c3d069d02ae045b,2286008,2021-10-25 20:53:31,0.024,ETH,0x2d634ed988136b525aaf218bbe9343f9d85b5730c4469d25d1c18e3ac6834ba2,2021-10-28 04:38:57.299069,0.003,ETH,0xb2aeb6aaf36ec5f83dd9466f72efabd45f7c5aac54f380f0fcc31e6bf0b05102,0.125,1250
known-origin,Fancy mask,0xfbeef911dc5821886e1dda71586d90ed28174b7d,150551,2021-10-25 21:11:13,0.75,ETH,0x5f02f1143e33c46da49a62cbef83db3591873af17709ff8c89efcc689fb53540,2021-10-28 04:38:57.299069,0.01875,ETH,0xb2aeb6aaf36ec5f83dd9466f72efabd45f7c5aac54f380f0fcc31e6bf0b05102,0.025,250
known-origin,FISHNET FACE,0xfbeef911dc5821886e1dda71586d90ed28174b7d,67851,2021-10-25 21:16:11,3.0,ETH,0x8c044569c0c7bd2b3438835f44cca47a421a46dda99c885a8cabdc5f80abce34,2021-10-28 04:38:57.299069,0.075,ETH,0xb2aeb6aaf36ec5f83dd9466f72efabd45f7c5aac54f380f0fcc31e6bf0b05102,0.025,250
known-origin,L.A. DREAMING,0xfbeef911dc5821886e1dda71586d90ed28174b7d,78173,2021-10-25 21:16:11,0.45,ETH,0x73cd3d49c1904da239e1f51535b21e455633b0eee8bee35320bb0e40716f176c,2021-10-28 04:38:57.299069,0.01125,ETH,0xb2aeb6aaf36ec5f83dd9466f72efabd45f7c5aac54f380f0fcc31e6bf0b05102,0.025,250
known-origin,L.A. DREAMING,0xfbeef911dc5821886e1dda71586d90ed28174b7d,78156,2021-10-25 21:16:11,0.5,ETH,0x2b1dee7fa790e789eb48c3545fbda3aff0f86fe7a2af64109b13ab8298880027,2021-10-28 04:38:57.299069,0.0125,ETH,0xb2aeb6aaf36ec5f83dd9466f72efabd45f7c5aac54f380f0fcc31e6bf0b05102,0.025,250
known-origin,OSAKA MAPPING,0xfbeef911dc5821886e1dda71586d90ed28174b7d,81930,2021-10-25 21:29:24,1.0,ETH,0xdc9b918181e3add8dc596462d771e392223407a41ae4ce44dacee898f048e38e,2021-10-28 04:38:57.299069,0.025,ETH,0xb2aeb6aaf36ec5f83dd9466f72efabd45f7c5aac54f380f0fcc31e6bf0b05102,0.025,250
known-origin,THE POWER OF GAIA,0xfbeef911dc5821886e1dda71586d90ed28174b7d,149950,2021-10-25 21:41:06,1.1,ETH,0x9abb96522e5325ac3dac75152631a31924b02409a79a8885b58d9877d07a0ae5,2021-10-28 04:38:57.299069,0.0275,ETH,0xb2aeb6aaf36ec5f83dd9466f72efabd45f7c5aac54f380f0fcc31e6bf0b05102,0.025,250
known-origin,Mad Deers to Sunset,0xabb3738f04dc2ec20f4ae4462c3d069d02ae045b,2228007,2021-10-25 23:31:03,0.079,ETH,0x571c36b982b2804645b8a4a517a65c2bad40149670dc19950de67e4cb9da41a9,2021-10-28 04:38:57.299069,0.009875,ETH,0xb2aeb6aaf36ec5f83dd9466f72efabd45f7c5aac54f380f0fcc31e6bf0b05102,0.125,1250
known-origin,Mad Deers to Sunset,0xabb3738f04dc2ec20f4ae4462c3d069d02ae045b,2228009,2021-10-26 01:26:28,0.015,ETH,0x4ff488703089f2ab008d5f49c7c8492dd14d8e30940ea45bd113e71aa3dde4bb,2021-10-28 04:38:57.299069,0.001875,ETH,0xb2aeb6aaf36ec5f83dd9466f72efabd45f7c5aac54f380f0fcc31e6bf0b05102,0.125,1250
known-origin,glitchin through time,0xfbeef911dc5821886e1dda71586d90ed28174b7d,123933,2021-10-26 03:46:50,0.1,WETH,0xd0c71e4dbdda0a59560ed554b43a3e117d8d8f41ed2b2731073e459f32653863,2021-10-28 04:38:57.299069,0.0125,WETH,0xb2aeb6aaf36ec5f83dd9466f72efabd45f7c5aac54f380f0fcc31e6bf0b05102,0.125,1250
known-origin,Cicadada,0xfbeef911dc5821886e1dda71586d90ed28174b7d,18104,2021-10-26 07:17:03,0.25,ETH,0xd204586a359d1a71495669d9697d1d045efeb714264505b2a0bd46848f77ba7b,2021-10-28 04:38:57.299069,0.00625,ETH,0xb2aeb6aaf36ec5f83dd9466f72efabd45f7c5aac54f380f0fcc31e6bf0b05102,0.025,250
known-origin,Screen Tone lovers /10,0xfbeef911dc5821886e1dda71586d90ed28174b7d,594402,2021-10-26 09:39:51,0.06,ETH,0x9d591fa7926107f5955c6cb952ab705063c83ee7e427740c33b8abf7f5be7b83,2021-10-28 04:38:57.299069,0.0075,ETH,0xb2aeb6aaf36ec5f83dd9466f72efabd45f7c5aac54f380f0fcc31e6bf0b05102,0.125,1250
known-origin,It is happening again!,0xfbeef911dc5821886e1dda71586d90ed28174b7d,257151,2021-10-26 10:46:03,0.25,WETH,0x0a3f3204b399d39f9a63ad0eedc0cebdeeb3c093600c8fd29c4ade48874761b6,2021-10-28 04:38:57.299069,0.03125,WETH,0xb2aeb6aaf36ec5f83dd9466f72efabd45f7c5aac54f380f0fcc31e6bf0b05102,0.125,1250
known-origin,The Lilliputian: Part 3,0xfbeef911dc5821886e1dda71586d90ed28174b7d,508101,2021-10-26 10:46:03,0.2,WETH,0x9dd15428b775a7e6cf76ba0973c9f89b099ef968d893e4fab73f6ac14ffd40f4,2021-10-28 04:38:57.299069,0.025,WETH,0xb2aeb6aaf36ec5f83dd9466f72efabd45f7c5aac54f380f0fcc31e6bf0b05102,0.125,1250
known-origin,Seedy Disappearance of the Yaztromos,0xabb3738f04dc2ec20f4ae4462c3d069d02ae045b,2264006,2021-10-26 10:51:20,0.021,ETH,0x667ede2e6017244410cb0bf02de456d78025b6286558d55a3dc458a1459fa04a,2021-10-28 04:38:57.299069,0.002625,ETH,0xb2aeb6aaf36ec5f83dd9466f72efabd45f7c5aac54f380f0fcc31e6bf0b05102,0.125,1250
known-origin,Seedy Disappearance of the Yaztromos,0xabb3738f04dc2ec20f4ae4462c3d069d02ae045b,2264002,2021-10-26 12:17:44,0.028,ETH,0x5659ac240371e8d8c62019f824cf7051f428ed0e098086b9b5d92645e686146c,2021-10-28 04:38:57.299069,0.0035,ETH,0xb2aeb6aaf36ec5f83dd9466f72efabd45f7c5aac54f380f0fcc31e6bf0b05102,0.125,1250
known-origin,Ocean is My Television Screen,0xabb3738f04dc2ec20f4ae4462c3d069d02ae045b,3628006,2021-10-26 12:38:55,0.04,ETH,0x383faa70ee8d0a2bd427c675d3463c36300ae76db98d27cd9a49479fb6788d0b,2021-10-28 04:38:57.299069,0.005,ETH,0xb2aeb6aaf36ec5f83dd9466f72efabd45f7c5aac54f380f0fcc31e6bf0b05102,0.125,1250
known-origin,Malvarmeta,0xabb3738f04dc2ec20f4ae4462c3d069d02ae045b,2285009,2021-10-26 15:19:28,0.021,ETH,0x3d7c4c2a3e435cbf0667fd473d7bbacf415c4acb0e568ff56acb179c1e6bddf4,2021-10-28 04:38:57.299069,0.002625,ETH,0xb2aeb6aaf36ec5f83dd9466f72efabd45f7c5aac54f380f0fcc31e6bf0b05102,0.125,1250
known-origin,The Freudian Slip of a Personality,0xabb3738f04dc2ec20f4ae4462c3d069d02ae045b,960006,2021-10-26 15:22:00,0.026,ETH,0xea6769e5476c978f3fe156102b18ffb0409dbefdc786b13d78df2e898c9ab108,2021-10-28 04:38:57.299069,0.00325,ETH,0xb2aeb6aaf36ec5f83dd9466f72efabd45f7c5aac54f380f0fcc31e6bf0b05102,0.125,1250
known-origin,Rugaj Jetoj de Doloro,0xabb3738f04dc2ec20f4ae4462c3d069d02ae045b,2362004,2021-10-26 17:48:00,0.024,ETH,0x4c8a98455589806959b11a8904c8c85bfad4f6907894e9812d03df68e10b4a4b,2021-10-28 04:38:57.299069,0.003,ETH,0xb2aeb6aaf36ec5f83dd9466f72efabd45f7c5aac54f380f0fcc31e6bf0b05102,0.125,1250
known-origin,DISCOVERY,0xfbeef911dc5821886e1dda71586d90ed28174b7d,302426,2021-10-26 18:53:02,0.055,ETH,0x435b9c07b2c089f028e1483b7c4b792bfbad3df15949d3270612c11fbc5b8983,2021-10-28 04:38:57.299069,0.006875,ETH,0xb2aeb6aaf36ec5f83dd9466f72efabd45f7c5aac54f380f0fcc31e6bf0b05102,0.125,1250
known-origin,E X P O S U R E,0xfbeef911dc5821886e1dda71586d90ed28174b7d,119344,2021-10-26 20:51:28,37.7777777,ETH,0x5dba0ea7a7ba109951081400db46b33dc164ffc421c71c4f18d6382b94b6e29b,2021-10-28 04:38:57.299069,4.7222222125,ETH,0xb2aeb6aaf36ec5f83dd9466f72efabd45f7c5aac54f380f0fcc31e6bf0b05102,0.125,1250
known-origin,BANGERS AND CRASH,0xabb3738f04dc2ec20f4ae4462c3d069d02ae045b,3636015,2021-10-26 21:15:26,25.0,WETH,0x8359fcaf0e91721927dcd081505c08dd24886c4405115a78935d8b6aba211fd3,2021-10-28 04:38:57.299069,3.125,WETH,0xb2aeb6aaf36ec5f83dd9466f72efabd45f7c5aac54f380f0fcc31e6bf0b05102,0.125,1250
known-origin,BANGERS AND CRASH,0xabb3738f04dc2ec20f4ae4462c3d069d02ae045b,3636023,2021-10-26 21:29:06,28.0,WETH,0xada6a3413d2dc5d3daaf2383faf6dff830d97aabbd8706c65a9a4abcd7f6c417,2021-10-28 04:38:57.299069,3.5,WETH,0xb2aeb6aaf36ec5f83dd9466f72efabd45f7c5aac54f380f0fcc31e6bf0b05102,0.125,1250
known-origin,BANGERS AND CRASH,0xabb3738f04dc2ec20f4ae4462c3d069d02ae045b,3636011,2021-10-26 21:33:40,25.0,WETH,0x4fd526e57a322059c070277fb7049c778b75954120ed3281b3bc10096ba36f30,2021-10-28 04:38:57.299069,3.125,WETH,0xb2aeb6aaf36ec5f83dd9466f72efabd45f7c5aac54f380f0fcc31e6bf0b05102,0.125,1250
known-origin,Amor Verde,0xabb3738f04dc2ec20f4ae4462c3d069d02ae045b,856000,2021-10-26 23:22:15,0.039,ETH,0x549659799203afee7d81e2758fdb239ab93423405c487a3a4332d9bfa1797c9e,2021-10-28 04:38:57.299069,0.004875,ETH,0xb2aeb6aaf36ec5f83dd9466f72efabd45f7c5aac54f380f0fcc31e6bf0b05102,0.125,1250
known-origin,BANGERS AND CRASH,0xabb3738f04dc2ec20f4ae4462c3d069d02ae045b,3636020,2021-10-26 23:31:07,25.0,WETH,0x2b74414a152a5ae7ce0b2847887c074fa333601011adcca4778b03a09f4857d2,2021-10-28 04:38:57.299069,3.125,WETH,0xb2aeb6aaf36ec5f83dd9466f72efabd45f7c5aac54f380f0fcc31e6bf0b05102,0.125,1250
known-origin,Proxima Messa,0xabb3738f04dc2ec20f4ae4462c3d069d02ae045b,2469009,2021-10-27 00:13:47,0.0325,ETH,0x5513540f5c9b0a6a62756d260127d95742b2fdaa0ee5298a76d7504085288f8d,2021-10-28 04:38:57.299069,0.0040625,ETH,0xb2aeb6aaf36ec5f83dd9466f72efabd45f7c5aac54f380f0fcc31e6bf0b05102,0.125,1250
known-origin,BANGERS AND CRASH,0xabb3738f04dc2ec20f4ae4462c3d069d02ae045b,3636012,2021-10-27 01:33:30,25.0,WETH,0x8a7038364c44fb4874f551245535d1051a800150401b7cd4b67106326e5e2491,2021-10-28 04:38:57.299069,3.125,WETH,0xb2aeb6aaf36ec5f83dd9466f72efabd45f7c5aac54f380f0fcc31e6bf0b05102,0.125,1250
known-origin,beeple_slap,0xfbeef911dc5821886e1dda71586d90ed28174b7d,322201,2021-10-27 01:48:33,0.03,ETH,0xabb619f2eb1e7cd3d89c2b45713c06804fb084d77570fc87de2567b3d6089059,2021-10-28 04:38:57.299069,0.00375,ETH,0xb2aeb6aaf36ec5f83dd9466f72efabd45f7c5aac54f380f0fcc31e6bf0b05102,0.125,1250
known-origin,Malvarmeta,0xabb3738f04dc2ec20f4ae4462c3d069d02ae045b,2285007,2021-10-27 02:02:42,0.025,ETH,0x83db09f7687064e3871411cfcd96356d753bb1ce5be9acfc0b0e57c8a013f2f9,2021-10-28 04:38:57.299069,0.003125,ETH,0xb2aeb6aaf36ec5f83dd9466f72efabd45f7c5aac54f380f0fcc31e6bf0b05102,0.125,1250
known-origin,Duckstep,0xabb3738f04dc2ec20f4ae4462c3d069d02ae045b,2547008,2021-10-27 02:37:10,0.024,ETH,0x8e717600f9327c0ca254aa1b3e6620a7b8997bf51513775d68277703b4d7b23d,2021-10-28 04:38:57.299069,0.003,ETH,0xb2aeb6aaf36ec5f83dd9466f72efabd45f7c5aac54f380f0fcc31e6bf0b05102,0.125,1250
known-origin,Walking I,0xabb3738f04dc2ec20f4ae4462c3d069d02ae045b,1299009,2021-10-27 04:25:32,0.025,ETH,0x844d44737bb2915cc54cd96a065e222b6c38b5425e86a8d7d4e846a5b5bb3317,2021-10-28 04:38:57.299069,0.003125,ETH,0xb2aeb6aaf36ec5f83dd9466f72efabd45f7c5aac54f380f0fcc31e6bf0b05102,0.125,1250
known-origin,BANGERS AND CRASH,0xabb3738f04dc2ec20f4ae4462c3d069d02ae045b,3636006,2021-10-27 04:33:06,40.0,ETH,0x17a15b85eb9b26662a251e1ac80ef0d07ee386b41df620db015df262dafb721e,2021-10-28 04:38:57.299069,5.0,ETH,0xb2aeb6aaf36ec5f83dd9466f72efabd45f7c5aac54f380f0fcc31e6bf0b05102,0.125,1250
known-origin,Mika for Teleportation,0xabb3738f04dc2ec20f4ae4462c3d069d02ae045b,2474008,2021-10-27 05:11:07,0.024,ETH,0xaae368f4e0e030996f254304032d26608f468c06830289c81524d3ec8cd8fec1,2021-10-28 04:38:57.299069,0.003,ETH,0xb2aeb6aaf36ec5f83dd9466f72efabd45f7c5aac54f380f0fcc31e6bf0b05102,0.125,1250
known-origin,Walking II,0xabb3738f04dc2ec20f4ae4462c3d069d02ae045b,1300009,2021-10-27 06:18:44,0.029,ETH,0x1cd44a9a4b03c00ea4638de286f348a10509e284f874dc403e2c852500c46b35,2021-10-28 04:38:57.299069,0.003625,ETH,0xb2aeb6aaf36ec5f83dd9466f72efabd45f7c5aac54f380f0fcc31e6bf0b05102,0.125,1250
known-origin,The surprised cat.,0xfbeef911dc5821886e1dda71586d90ed28174b7d,515301,2021-10-27 09:14:50,0.04,ETH,0xe065ae6d9f5baa4b0048aa78b743f53ba237cd802afb7c9ef6a831adb7ee7f0a,2021-10-28 04:38:57.299069,0.005,ETH,0xb2aeb6aaf36ec5f83dd9466f72efabd45f7c5aac54f380f0fcc31e6bf0b05102,0.125,1250
known-origin,When The Horse Is No More A Horse,0xabb3738f04dc2ec20f4ae4462c3d069d02ae045b,2241005,2021-10-27 10:07:16,0.019,ETH,0x9df9bf8ac00ff3f020efd6b60f181f99c2219ca3d571efff3af369a149c6ff16,2021-10-28 04:38:57.299069,0.002375,ETH,0xb2aeb6aaf36ec5f83dd9466f72efabd45f7c5aac54f380f0fcc31e6bf0b05102,0.125,1250
known-origin,Seedy Disappearance of the Yaztromos,0xabb3738f04dc2ec20f4ae4462c3d069d02ae045b,2264003,2021-10-27 11:27:09,0.029,ETH,0x163070336d47e4bdbefedbbf07e62be55eddec97164045e28c7dbaad8c76e44f,2021-10-28 04:38:57.299069,0.003625,ETH,0xb2aeb6aaf36ec5f83dd9466f72efabd45f7c5aac54f380f0fcc31e6bf0b05102,0.125,1250
known-origin,Duckstep,0xabb3738f04dc2ec20f4ae4462c3d069d02ae045b,2547005,2021-10-27 12:35:23,0.0275,ETH,0x957ccfb88d65d3b7c030180c5772c7b7a7d3db4e014254e122c59bc33d9d6331,2021-10-28 04:38:57.299069,0.0034375,ETH,0xb2aeb6aaf36ec5f83dd9466f72efabd45f7c5aac54f380f0fcc31e6bf0b05102,0.125,1250
known-origin,The Matrix,0xfbeef911dc5821886e1dda71586d90ed28174b7d,173629,2021-10-27 13:02:14,0.056,ETH,0x721d05e1102f3b44481fcd29a94e36fc80d694c3732f8b53769b69b07f877730,2021-10-28 04:38:57.299069,0.007,ETH,0xb2aeb6aaf36ec5f83dd9466f72efabd45f7c5aac54f380f0fcc31e6bf0b05102,0.125,1250
known-origin,The Freudian Slip of a Personality,0xabb3738f04dc2ec20f4ae4462c3d069d02ae045b,960000,2021-10-27 14:34:56,0.023,ETH,0x420cccea9df52ca4e3382ab82e1c7691f8e7d850a935135eb5e3d9a725d3de8e,2021-10-28 04:38:57.299069,0.002875,ETH,0xb2aeb6aaf36ec5f83dd9466f72efabd45f7c5aac54f380f0fcc31e6bf0b05102,0.125,1250
known-origin,Gummy Venom: The Tale of the Psychedelic Symbiote,0xabb3738f04dc2ec20f4ae4462c3d069d02ae045b,1422002,2021-10-27 14:42:54,0.05,ETH,0x3b40770c4d25dbf8f421b67d97b3b00cfb78d28d16b0c82f3e9a042c7cccc600,2021-10-28 04:38:57.299069,0.00125,ETH,0xb2aeb6aaf36ec5f83dd9466f72efabd45f7c5aac54f380f0fcc31e6bf0b05102,0.025,250
known-origin,Colorful Thoughts of Mine,0xabb3738f04dc2ec20f4ae4462c3d069d02ae045b,944002,2021-10-27 17:54:08,0.029,ETH,0xf9cd07564e012d79767b2bca48b0c9131073cb5c2c2a389125c21d919c050632,2021-10-28 04:38:57.299069,0.003625,ETH,0xb2aeb6aaf36ec5f83dd9466f72efabd45f7c5aac54f380f0fcc31e6bf0b05102,0.125,1250
known-origin,Idea Birdie,0xabb3738f04dc2ec20f4ae4462c3d069d02ae045b,1048002,2021-10-27 20:31:03,0.025,ETH,0x647f512358c0ad3e18108d3ca00b703ea3d33d741970ce5541aad0f99cb3bfee,2021-10-28 04:38:57.299069,0.003125,ETH,0xb2aeb6aaf36ec5f83dd9466f72efabd45f7c5aac54f380f0fcc31e6bf0b05102,0.125,1250